id,title,price,volume,type,alcohol,sweet,sour,body,cool,food,material,company,link,flavour_type
0,가야 프리미엄 막걸리,"32,000",750ml,과실주,6,3,3,2,4,,김해 쌀(100%),가야양조장,https://shopping-phinf.pstatic.net/main_3280498/32804985621.20220608124928.jpg?type=f640,3
1,감그린 레귤러,"18,000",750ml,과실주,12,3,3,2,3,소고기류,감(국내산),청도감와인,https://dthumb-phinf.pstatic.net/?src=%22https%3A%2F%2Fdbscthumb-phinf.pstatic.net%2F4776_000_1%2F20181013020715463_KGFK8VS9E.jpg%2Ffe87_281_i1.jpg%3Ftype%3Dw450_fst_n%22&twidth=226&theight=226&opts=10,3
2,감그린 스페셜,"25,000",750ml,과실주,12,3,3,3,3,소고기류,감(국내산),청도감와인,https://dthumb-phinf.pstatic.net/?src=%22https%3A%2F%2Fdbscthumb-phinf.pstatic.net%2F4776_000_2%2F20181017120058261_9LP7HYZZH.jpg%2Ffe87_282_i1.jpg%3Ftype%3Dw450_fst_n%22&twidth=226&theight=226&opts=10,3
3,감그린 아이스와인,"89,000",375ml,과실주,10,4,2,4,2,"모짜렐라 치즈, 카망베르, 스모키 치즈",감(국내산),청도감와인,https://dthumb-phinf.pstatic.net/?src=%22https%3A%2F%2Fdbscthumb-phinf.pstatic.net%2F4776_000_1%2F20181013022632085_JS0FG3HC4.jpg%2Ffe87_283_i1.jpg%3Ftype%3Dw450_fst_n%22&twidth=226&theight=226&opts=10,4
4,감악산 머루주,"28,000",360ml,과실주,12,4,4,3,3,"메기, 참게, 흑염소, 오리로스구이","국내산 산머루원액 78.5%, 주정",산머루농원영농조합법인,https://dthumb-phinf.pstatic.net/?src=%22https%3A%2F%2Fdbscthumb-phinf.pstatic.net%2F4776_000_2%2F20200824185213299_9BJJMDYTE.jpg%2Ffe87_475_i1.jpg%3Ftype%3Dw450_fst_n%22&twidth=226&theight=226&opts=17,3
5,고도리 레드와인 스위트,"22,000",750ml,과실주,12,3,3,3,2,"육회, 수육, 불고기",MBA 머루포도(경북 영천),고도리 와이너리,https://dthumb-phinf.pstatic.net/?src=%22https%3A%2F%2Fdbscthumb-phinf.pstatic.net%2F4776_000_1%2F20181012232607390_PR1T3J94Y.jpg%2Ffe87_257_i1.jpg%3Ftype%3Dw450_fst_n%22&twidth=226&theight=226&opts=10,3
6,고도리 복숭아와인,"32,000",750ml,과실주,6.5,4,3,2,3,안주 없이,복숭아(영천),고도리 와이너리,https://dthumb-phinf.pstatic.net/?src=%22https%3A%2F%2Fdbscthumb-phinf.pstatic.net%2F4776_000_1%2F20181012233303337_YH8EX1IYX.jpg%2Ffe87_258_i1.jpg%3Ftype%3Dw450_fst_n%22&twidth=226&theight=226&opts=10,3
7,고도리 화이트와인 드라이,"22,000",750ml,과실주,10.5,2,3,2,3,"생선회, 기름기가 적은 음식",거봉포도(영천),고도리 와이너리,https://dthumb-phinf.pstatic.net/?src=%22https%3A%2F%2Fdbscthumb-phinf.pstatic.net%2F4776_000_1%2F20181012231753430_BXL6O7JRO.jpg%2Ffe87_256_i1.jpg%3Ftype%3Dw450_fst_n%22&twidth=226&theight=226&opts=10,1
8,고도리 화이트와인 스위트,"22,000",750ml,과실주,10.5,4,3,2,3,안주 없이,거봉포도(영천),고도리 와이너리,https://dthumb-phinf.pstatic.net/?src=%22https%3A%2F%2Fdbscthumb-phinf.pstatic.net%2F4776_000_1%2F20181012230912307_6HTQENADJ.jpg%2Ffe87_255_i1.jpg%3Ftype%3Dw450_fst_n%22&twidth=226&theight=226&opts=10,3
9,고창선운산 땡큐복분자주,"50,000",300ml,과실주,13,3,1,2,3,장어구이,"복분자과실, 주정, 효모, 구연산, 정제수",고창선운산,https://dthumb-phinf.pstatic.net/?src=%22https%3A%2F%2Fdbscthumb-phinf.pstatic.net%2F4776_000_1%2F20181013002617552_ZEZTE1FR0.jpg%2Ffe87_267_i1.jpg%3Ftype%3Dw450_fst_n%22&twidth=226&theight=226&opts=10,2
10,고창선운산 땡큐블루베리주,"60,000",300ml,과실주,13,2,2,2,2,스테이크,"블루베리과실, 주정, 효모, 구연산, 정제수",고창선운산,https://dthumb-phinf.pstatic.net/?src=%22https%3A%2F%2Fdbscthumb-phinf.pstatic.net%2F4776_000_1%2F20181013004450642_1QTC63ZH8.jpg%2Ffe87_270_i1.jpg%3Ftype%3Dw450_fst_n%22&twidth=226&theight=226&opts=10,2
11,고창선운산 복분자주 특1호,"27,000",1800ml,과실주,15,3,1,2,3,장어구이,"복분자과실, 주정, 효모, 구연산, 정제수",고창선운산,https://dthumb-phinf.pstatic.net/?src=%22https%3A%2F%2Fdbscthumb-phinf.pstatic.net%2F4776_000_1%2F20181013003339078_RJJFXK3KF.jpg%2Ffe87_268_i1.jpg%3Ftype%3Dw450_fst_n%22&twidth=226&theight=226&opts=10,2
12,공주애 오디와인,"6,000",375ml,과실주,15,3,2,1,3,장어구이,"국내산 오디, 정제수, 주정, 과당, 효모",사곡양조원,https://dthumb-phinf.pstatic.net/?src=%22https%3A%2F%2Fdbscthumb-phinf.pstatic.net%2F4776_000_1%2F20181013030946221_6W66ZE0JB.jpg%2Ffe87_288_i1.jpg%3Ftype%3Dw450_fst_n%22&twidth=226&theight=226&opts=10,2
13,그랑꼬또 레드와인,"35,000",750ml,과실주,12,3,3,2,3,"생선, 나물",포도(캠벨얼리),그린영농조합,https://dthumb-phinf.pstatic.net/?src=%22https%3A%2F%2Fdbscthumb-phinf.pstatic.net%2F4776_000_2%2F20200824171811871_DI0RHX5YW.jpg%2Ffe87_439_i1.jpg%3Ftype%3Dw450_fst_n%22&twidth=226&theight=226&opts=17,3
14,그랑꼬또 로제와인,"21,000",750ml,과실주,12,2,3,3,1,조개요리,포도,그린영농조합,https://dthumb-phinf.pstatic.net/?src=%22https%3A%2F%2Fdbscthumb-phinf.pstatic.net%2F4776_000_1%2F20170522124437029_XHAF0B41O.jpg%2Ffe87_124_i1.jpg%3Ftype%3Dw450_fst_n%22&twidth=226&theight=226&opts=17,1
15,그랑꼬또 청수,"60,000",750ml,과실주,12,2,1,2,3,파스타,포도,그린영농조합,https://dthumb-phinf.pstatic.net/?src=%22https%3A%2F%2Fdbscthumb-phinf.pstatic.net%2F4776_000_1%2F20170522123956155_TUATO6CXE.jpg%2Ffe87_123_i1.jpg%3Ftype%3Dw450_fst_n%22&twidth=226&theight=226&opts=17,2
16,그랑꼬또 M56,"21,000",750ml,과실주,12,2,3,3,1,조개요리,포도(캠벨얼리),그린영농조합,https://dthumb-phinf.pstatic.net/?src=%22https%3A%2F%2Fdbscthumb-phinf.pstatic.net%2F4776_000_1%2F20170522125019915_X9OP9CNG9.jpg%2Ffe87_125_i1.jpg%3Ftype%3Dw450_fst_n%22&twidth=226&theight=226&opts=17,1
17,그랑티그르 CE2002,"40,000",750ml,과실주,12,3,2,3,2,"산채 한정식, 나물요리",캠벨얼리 포도,월류원,https://dthumb-phinf.pstatic.net/?src=%22https%3A%2F%2Fdbscthumb-phinf.pstatic.net%2F4776_000_2%2F20190726150728113_RR7DBHY6K.jpg%2Ffe87_357_i1.jpg%3Ftype%3Dw450_fst_n%22&twidth=226&theight=226&opts=17,4
18,그랑티그르 M1988,"40,000",750ml,과실주,12,3,3,3,2,"산채 한정식, 나물 요리","캠벨얼리 포도, 오미자",월류원,https://dthumb-phinf.pstatic.net/?src=%22https%3A%2F%2Fdbscthumb-phinf.pstatic.net%2F4776_000_2%2F20190726151102261_RZ9LYKT2P.jpg%2Ffe87_358_i1.jpg%3Ftype%3Dw450_fst_n%22&twidth=226&theight=226&opts=17,3
19,그랑티그르 S1974,"40,000",750ml,과실주,12,1,3,2,2,스테이크,포도(캠벨얼리 100%),월류원,https://dthumb-phinf.pstatic.net/?src=%22https%3A%2F%2Fdbscthumb-phinf.pstatic.net%2F4776_000_1%2F20170522205812223_JZUBPFCR5.JPG%2Ffe87_204_i1.JPG%3Ftype%3Dw450_fst_n%22&twidth=226&theight=226&opts=17,1
20,남산애 레드와인,"45,000",750ml,과실주,14,3,3,2,3,,"포도(캠벨얼리, MBA, 산머루)",월류원,https://dthumb-phinf.pstatic.net/?src=%22https%3A%2F%2Fdbscthumb-phinf.pstatic.net%2F4776_000_2%2F20190726160504384_NN5Q6PCJP.jpg%2Ffe87_378_i1.jpg%3Ftype%3Dw450_fst_n%22&twidth=226&theight=226&opts=17,3
21,남산애 포트와인,"55,000",750ml,과실주,18.5,3,3,3,2,,"포도(캠벨얼리, MBA, 산머루)",예인화원,https://dthumb-phinf.pstatic.net/?src=%22https%3A%2F%2Fdbscthumb-phinf.pstatic.net%2F4776_000_2%2F20190726161108080_D0C8OEVJU.jpg%2Ffe87_380_i1.jpg%3Ftype%3Dw450_fst_n%22&twidth=226&theight=226&opts=17,3
22,다래와인 3004,"10,000",375ml,과실주,8,2,2,2,1,소고기 구이,참다래,오름주가,https://dthumb-phinf.pstatic.net/?src=%22https%3A%2F%2Fdbscthumb-phinf.pstatic.net%2F4776_000_1%2F20170522224552645_ZI3DDO3HU.JPG%2Ffe87_220_i1.JPG%3Ftype%3Dw450_fst_n%22&twidth=226&theight=226&opts=17,2
23,다래와인 7004S,"18,000",750ml,과실주,8,2,2,2,1,식사,참다래,오름주가,https://dthumb-phinf.pstatic.net/?src=%22https%3A%2F%2Fdbscthumb-phinf.pstatic.net%2F4776_000_1%2F20170522225420420_QHBESK3ZG.JPG%2Ffe87_221_i1.JPG%3Ftype%3Dw450_fst_n%22&twidth=226&theight=226&opts=17,2
24,다랭이팜 생막걸리,"4,000",750ml,과실주,6,1,5,2,2,골뱅이 무침,"지하정제수, 9분도쌀, 찹쌀, 혼합제제 누룩,",농업회사법인 주식회사 다랭이팜,https://dthumb-phinf.pstatic.net/?src=%22https%3A%2F%2Fdbscthumb-phinf.pstatic.net%2F4776_000_1%2F20170113201250701_T7D0YLZPV.jpg%2Ffe87_066_i1.jpg%3Ftype%3Dw450_fst_n%22&twidth=226&theight=226&opts=17,1
25,도로시 머루주,"25,000",500ml,과실주,12,4,4,3,3,"삼계탕, 오리백숙","국내산 산머루원액 78.5%, 주정",산머루농원영농조합법인,https://dthumb-phinf.pstatic.net/?src=%22https%3A%2F%2Fdbscthumb-phinf.pstatic.net%2F4776_000_2%2F20200824185522414_4FHY0A4HO.jpg%2Ffe87_476_i1.jpg%3Ftype%3Dw450_fst_n%22&twidth=226&theight=226&opts=17,3
26,두레앙 와인,"15,000",750ml,과실주,12,2,2,2,1,"육류, 치즈",거봉포도원액,두레양조,https://dthumb-phinf.pstatic.net/?src=%22https%3A%2F%2Fdbscthumb-phinf.pstatic.net%2F4776_000_1%2F20170522154259145_FGEKAU6VD.JPG%2Ffe87_155_i1.JPG%3Ftype%3Dw450_fst_n%22&twidth=226&theight=226&opts=17,2
27,레돔 내추럴 스파클링 로제와인,"38,000",750ml,과실주,7.5,3,3,2,4,,포도,작은알자스,https://dthumb-phinf.pstatic.net/?src=%22https%3A%2F%2Fdbscthumb-phinf.pstatic.net%2F4776_000_2%2F20190726172533265_UUZLJ3IGE.jpg%2Ffe87_405_i1.jpg%3Ftype%3Dw450_fst_n%22&twidth=226&theight=226&opts=17,3
28,레돔 시드르,"32,000",750ml,과실주,6,3,3,2,4,,사과(100%),작은 알자스,https://dthumb-phinf.pstatic.net/?src=%22https%3A%2F%2Fdbscthumb-phinf.pstatic.net%2F4776_000_2%2F20190726172843804_0D03IMN8J.jpg%2Ffe87_406_i1.jpg%3Ftype%3Dw450_fst_n%22&twidth=226&theight=226&opts=17,3
29,맑은내일 Winery 단감명작,"20,000",750ml,과실주,7,3,2,2,3,"샐러드, 해산물, 케이크, 마카롱","단감(국내산_창녕), 정제수, 설탕, 효소제, 무수구연산, 효모, 무수아황산(산아방지제), 소브산(보존료)",우포의 아침 주식회사,https://dthumb-phinf.pstatic.net/?src=%22https%3A%2F%2Fdbscthumb-phinf.pstatic.net%2F4776_000_3%2F20220323114554702_VMLR890DG.png%2Ffe87_536_i1.png%3Ftype%3Dw450_fst_n%22&twidth=226&theight=226&opts=17,3
30,머루드 서 드라이,"35,000",750ml,과실주,13.5,2,4,4,3,"양꼬치, 항정살, 스테이크",국내산 산머루,산머루농원,https://dthumb-phinf.pstatic.net/?src=%22https%3A%2F%2Fdbscthumb-phinf.pstatic.net%2F4776_000_2%2F20200824184534918_DANFDJQ84.jpg%2Ffe87_473_i1.jpg%3Ftype%3Dw450_fst_n%22&twidth=226&theight=226&opts=17,1
31,머루이야기,"6,000",350ml,과실주,12,3,1,2,1,수육,국내산 머루(전북 무주),산들벗(주0,https://dthumb-phinf.pstatic.net/?src=%22https%3A%2F%2Fdbscthumb-phinf.pstatic.net%2F4776_000_1%2F20170522181501077_JI6CLLTGF.jpg%2Ffe87_179_i1.jpg%3Ftype%3Dw450_fst_n%22&twidth=226&theight=226&opts=17,2
32,명작 복분자,"78,000",375ml,과실주,13,3,1,1,1,파이,"복분자, 효모, 주정, 정제수, 과당, 구연산",국순당,https://dthumb-phinf.pstatic.net/?src=%22https%3A%2F%2Fdbscthumb-phinf.pstatic.net%2F4776_000_1%2F20170522122544936_M8DFBY9V9.jpg%2Ffe87_120_i1.jpg%3Ftype%3Dw450_fst_n%22&twidth=226&theight=226&opts=17,2
33,무주구천동머루와인,"25,000",750ml,과실주,12,2,2,3,1,삼겹살,머루,덕유양조,https://dthumb-phinf.pstatic.net/?src=%22https%3A%2F%2Fdbscthumb-phinf.pstatic.net%2F4776_000_1%2F20170522151516741_Z4KJBKJ0M.jpg%2Ffe87_149_i1.jpg%3Ftype%3Dw450_fst_n%22&twidth=226&theight=226&opts=17,4
34,미소 아이스,"40,000",375ml,과실주,12,4,1,3,2,,"포도, 산화방지제, 효모",도란원,https://dthumb-phinf.pstatic.net/?src=%22https%3A%2F%2Fdbscthumb-phinf.pstatic.net%2F4776_000_1%2F20170113195656055_E6HTARPXC.jpg%2Ffe87_034_i1.jpg%3Ftype%3Dw450_fst_n%22&twidth=226&theight=226&opts=10,4
35,백이주,"30,000",800ml,과실주,35,2,2,3,1,"김치찜, 탕, 찌개류","쌀(국산), 홍마늘액(국산), 감초(국산), 개량누룩(국산), 효모, 정제효소제, 정제수, 밀함유",농업회사법인(주)세찬,https://dthumb-phinf.pstatic.net/?src=%22https%3A%2F%2Fdbscthumb-phinf.pstatic.net%2F4776_000_3%2F20220323113956711_9PAKZKGR0.png%2Ffe87_533_i1.png%3Ftype%3Dw450_fst_n%22&twidth=226&theight=226&opts=17,4
36,뱅꼬레 레드와인,"25,000",375ml,과실주,12,3,4,2,2,"불고기, 수육, 어복쟁반",양조용포도(영천),한국와인,https://dthumb-phinf.pstatic.net/?src=%22https%3A%2F%2Fdbscthumb-phinf.pstatic.net%2F4776_000_1%2F20181012205254131_OZN4S1OAO.jpg%2Ffe87_242_i1.jpg%3Ftype%3Dw450_fst_n%22&twidth=226&theight=226&opts=10,3
37,뱅꼬레 로제와인,"23,000",375ml,과실주,11.5,4,3,2,3,한정식,양조용포도(영천),한국와인,https://dthumb-phinf.pstatic.net/?src=%22https%3A%2F%2Fdbscthumb-phinf.pstatic.net%2F4776_000_1%2F20181012210240572_XK8VZYOLZ.jpg%2Ffe87_243_i1.jpg%3Ftype%3Dw450_fst_n%22&twidth=226&theight=226&opts=10,3
38,뱅꼬레 화이트와인,"23,000",375ml,과실주,11,4,3,2,3,"샐러드, 카르파쵸, 가벼운 튀김류",양조용포도(경북 영천),한국와인,https://dthumb-phinf.pstatic.net/?src=%22https%3A%2F%2Fdbscthumb-phinf.pstatic.net%2F4776_000_1%2F20181012211534314_ZPGFI2NWS.jpg%2Ffe87_244_i1.jpg%3Ftype%3Dw450_fst_n%22&twidth=226&theight=226&opts=10,3
39,베베마루 캠벨로제 스위트,"20,000",375ml,과실주,10,2,2,3,1,와인에 재워 놓은 붉은 고기,포도(캠벨얼리),월류원,https://dthumb-phinf.pstatic.net/?src=%22https%3A%2F%2Fdbscthumb-phinf.pstatic.net%2F4776_000_1%2F20170522204813842_X33O0OUFO.JPG%2Ffe87_203_i1.JPG%3Ftype%3Dw450_fst_n%22&twidth=226&theight=226&opts=17,4
40,별바랑,"27,000",375ml,과실주,17.5,4,3,2,3,모짜렐라치즈,"국내산 찹쌀, 국내산 멥쌀, 누룩, 정제수",금계당,https://dthumb-phinf.pstatic.net/?src=%22https%3A%2F%2Fdbscthumb-phinf.pstatic.net%2F4776_000_2%2F20200824195506913_4EW1YOOHL.jpg%2Ffe87_498_i1.jpg%3Ftype%3Dw450_fst_n%22&twidth=226&theight=226&opts=17,3
41,복분자음,"6,000",375ml,과실주,12,2,2,3,1,삼계탕,"복분자(국내산), 정제수",배상면주가,https://dthumb-phinf.pstatic.net/?src=%22https%3A%2F%2Fdbscthumb-phinf.pstatic.net%2F4776_000_1%2F20170524104616975_CBQ4VJBPS.jpg%2Ffe87_172_i1.jpg%3Ftype%3Dw450_fst_n%22&twidth=226&theight=226&opts=10,4
42,복분자음,"6,000",375ml,과실주,12,2,2,3,1,삼계탕,"복분자(국내산), 정제수",배상면주가,https://dthumb-phinf.pstatic.net/?src=%22https%3A%2F%2Fdbscthumb-phinf.pstatic.net%2F5628_000_1%2F20181126161539815_SFJTUWC80.jpg%2Ffe115_23_i1.jpg%3Ftype%3Dw450_fst_n%22&twidth=226&theight=226&opts=10,4
43,블루베리 이야기,"6,000",375ml,과실주,12,3,1,3,1,숯불구이,"국내산 산머루 50%, 블루베리 50%",농업회사법인산들벗(주),https://dthumb-phinf.pstatic.net/?src=%22https%3A%2F%2Fdbscthumb-phinf.pstatic.net%2F4776_000_1%2F20170522182136200_1TIF2FFWA.JPG%2Ffe87_180_i1.JPG%3Ftype%3Dw450_fst_n%22&twidth=226&theight=226&opts=17,4
44,산머루 크라테 드라이,"48,000",750ml,과실주,11.5,2,2,3,3,"스테이크, 고기요리, 꼬치구이, 찜요리",산머루,수도산와이너리,https://dthumb-phinf.pstatic.net/?src=%22https%3A%2F%2Fdbscthumb-phinf.pstatic.net%2F4776_000_2%2F20190726141509375_OUJIB8HHY.jpg%2Ffe87_334_i1.jpg%3Ftype%3Dw450_fst_n%22&twidth=226&theight=226&opts=17,1
45,산머루 크라테 로제,"18,000",375ml,과실주,11.5,4,1,3,3,불고기,산머루,수도산와이너리,https://dthumb-phinf.pstatic.net/?src=%22https%3A%2F%2Fdbscthumb-phinf.pstatic.net%2F4776_000_2%2F20190726141714731_9F3DOO2S1.jpg%2Ffe87_335_i1.jpg%3Ftype%3Dw450_fst_n%22&twidth=226&theight=226&opts=17,3
46,산머루 크라테 스위트,"48,000",750ml,과실주,11.5,4,2,1,3,양념된 두부조림,산머리(국내산),수도산와이너리,https://dthumb-phinf.pstatic.net/?src=%22https%3A%2F%2Fdbscthumb-phinf.pstatic.net%2F4776_000_2%2F20190726141144741_RYSQU37Q9.jpg%2Ffe87_333_i1.jpg%3Ftype%3Dw450_fst_n%22&twidth=226&theight=226&opts=17,3
47,샹스프랑보아즈,"150,000",500ml,과실주,13,1,4,4,2,"양념 소갈비, 육전","복분자(고창산), 구연산, 과당, 구연산, 아스파탐, 주정, 정제수",(주)선운산복분자주 흥진,https://dthumb-phinf.pstatic.net/?src=%22https%3A%2F%2Fdbscthumb-phinf.pstatic.net%2F4776_000_2%2F20190726142611986_W19AM5ZK0.jpg%2Ffe87_339_i1.jpg%3Ftype%3Dw450_fst_n%22&twidth=226&theight=226&opts=17,1
48,선운산 복분자와인,"6,000",300ml,과실주,13,4,4,2,3,장어구이,"복분자(고창산), 구연산, 과당, 구연산, 아스파탐, 주정, 정제수",(주)선운산복분자주 흥진,https://dthumb-phinf.pstatic.net/?src=%22https%3A%2F%2Fdbscthumb-phinf.pstatic.net%2F4776_000_2%2F20190726142128458_R9TXCIXD1.jpg%2Ffe87_337_i1.jpg%3Ftype%3Dw450_fst_n%22&twidth=226&theight=226&opts=10,3
49,선운산 복분자주,"25,000",375ml,과실주,16,4,4,2,3,"장어구이, 디저트, 치즈","복분자(고창산), 과당, 구연산, 아스파탐, 무수아황산",(주)선운산복분자주 흥진,https://dthumb-phinf.pstatic.net/?src=%22https%3A%2F%2Fdbscthumb-phinf.pstatic.net%2F4776_000_2%2F20190726141913121_CYKXHFPQT.jpg%2Ffe87_336_i1.jpg%3Ftype%3Dw450_fst_n%22&twidth=226&theight=226&opts=10,3
50,선운산 복분자주 프리미엄,"40,000",700ml,과실주,19,4,3,2,3,한우 수육,"복분자(고창산), 과당, 구연산, 아스파탐, 무수아황산",(주)선운산복분자주 흥진,https://dthumb-phinf.pstatic.net/?src=%22https%3A%2F%2Fdbscthumb-phinf.pstatic.net%2F4776_000_2%2F20190729165450101_WFS36KLAQ.jpg%2Ffe87_338_i1.jpg%3Ftype%3Dw450_fst_n%22&twidth=226&theight=226&opts=17,3
51,스타베리오디,"28,000",500ml,과실주,12,3,4,3,3,나물 요리,양조용포도(영천),한국와인,https://dthumb-phinf.pstatic.net/?src=%22https%3A%2F%2Fdbscthumb-phinf.pstatic.net%2F4776_000_1%2F20181012213744881_VGS8HYYWW.jpg%2Ffe87_246_i1.jpg%3Ftype%3Dw450_fst_n%22&twidth=226&theight=226&opts=10,3
52,시나브로 드 글로리아,"25,000",750ml,과실주,12,3,3,2,2,"불고기, 육전, 가벼운 고기류",포도(캠벨얼리),불휘농장,https://dthumb-phinf.pstatic.net/?src=%22https%3A%2F%2Fdbscthumb-phinf.pstatic.net%2F4776_000_2%2F20190726150503562_RVKZWV96Y.jpg%2Ffe87_356_i1.jpg%3Ftype%3Dw450_fst_n%22&twidth=226&theight=226&opts=17,3
53,시나브로 레드 드라이,"25,000",750ml,과실주,12,2,3,3,3,"아귀찜, 꽃게무침",캠벨얼리,불휘농장,https://dthumb-phinf.pstatic.net/?src=%22https%3A%2F%2Fdbscthumb-phinf.pstatic.net%2F4776_000_2%2F20190726145624313_CSKB058I7.jpg%2Ffe87_353_i1.jpg%3Ftype%3Dw450_fst_n%22&twidth=226&theight=226&opts=17,1
54,시나브로 레드 스위트,"25,000",750ml,과실주,12,3,3,2,3,,포도(캠벨얼리),불휘농장,https://dthumb-phinf.pstatic.net/?src=%22https%3A%2F%2Fdbscthumb-phinf.pstatic.net%2F4776_000_2%2F20190726145910403_89WSJUOPT.jpg%2Ffe87_354_i1.jpg%3Ftype%3Dw450_fst_n%22&twidth=226&theight=226&opts=17,3
55,시나브로 에뚜왈 로제 스파클링,"30,000",750ml,과실주,5,2,1,4,1,내온 수육,포도(캠벨얼리),불휘농장,https://dthumb-phinf.pstatic.net/?src=%22https%3A%2F%2Fdbscthumb-phinf.pstatic.net%2F4776_000_2%2F20200824172723957_FPBVJDEN8.jpg%2Ffe87_443_i1.jpg%3Ftype%3Dw450_fst_n%22&twidth=226&theight=226&opts=17,4
56,시나브로 에뚜왈 스파클링와인,"30,000",750ml,과실주,5,3,3,2,4,육류,포도(청수),불휘농장,https://dthumb-phinf.pstatic.net/?src=%22https%3A%2F%2Fdbscthumb-phinf.pstatic.net%2F4776_000_2%2F20190726150217361_7F93IN9DO.jpg%2Ffe87_355_i1.jpg%3Ftype%3Dw450_fst_n%22&twidth=226&theight=226&opts=17,3
57,애피소드 상그리아,"21,000",500ml,과실주,3.5,4,4,2,4,쿠키,"포도와인, 정제주정, 정제수, 포도농축액, 고과당",㈜한국애플리즈,https://dthumb-phinf.pstatic.net/?src=%22https%3A%2F%2Fdbscthumb-phinf.pstatic.net%2F4776_000_1%2F20181012202824469_LOLM44XYG.jpg%2Ffe87_239_i1.jpg%3Ftype%3Dw450_fst_n%22&twidth=226&theight=226&opts=10,3
58,애피소드 애플,"21,000",500ml,과실주,3.5,4,4,2,4,"새우, 호박, 감자, 고구마, 오징어",사과,㈜한국애플리즈,https://dthumb-phinf.pstatic.net/?src=%22https%3A%2F%2Fdbscthumb-phinf.pstatic.net%2F4776_000_1%2F20181012201745789_LUKUYPH79.jpg%2Ffe87_238_i1.jpg%3Ftype%3Dw450_fst_n%22&twidth=226&theight=226&opts=10,3
59,예밀와인 레드 드라이,"20,000",750ml,과실주,13,1,1,3,2,고기구이,포도(캠벨얼리),예밀2리영농조합법인,https://dthumb-phinf.pstatic.net/?src=%22https%3A%2F%2Fdbscthumb-phinf.pstatic.net%2F4776_000_2%2F20190726151335295_EUMQD5TZD.jpg%2Ffe87_359_i1.jpg%3Ftype%3Dw450_fst_n%22&twidth=226&theight=226&opts=17,2
60,예밀와인 레드 스위트,"20,000",750ml,과실주,12,4,1,3,2,달콤한 디저트,포도(캠벨얼리),예밀2리영농조합법인,https://dthumb-phinf.pstatic.net/?src=%22https%3A%2F%2Fdbscthumb-phinf.pstatic.net%2F4776_000_2%2F20190726151635198_TH9NUR4AA.jpg%2Ffe87_360_i1.jpg%3Ftype%3Dw450_fst_n%22&twidth=226&theight=226&opts=17,4
61,예밀와인 로제,"20,000",750ml,과실주,12,4,1,3,2,케익,포도(캠벨얼리),예밀2리영농조합법인,https://dthumb-phinf.pstatic.net/?src=%22https%3A%2F%2Fdbscthumb-phinf.pstatic.net%2F4776_000_2%2F20190726151951004_ZB35HZFOU.jpg%2Ffe87_361_i1.jpg%3Ftype%3Dw450_fst_n%22&twidth=226&theight=226&opts=17,4
62,예주,"29,000",750ml,과실주,15,1,3,3,1,소고기 소금구이,"복분자, 주정, 효모, 정제수",용두산조은술,https://dthumb-phinf.pstatic.net/?src=%22https%3A%2F%2Fdbscthumb-phinf.pstatic.net%2F4776_000_1%2F20170522202708256_NEGIGMXLM.jpg%2Ffe87_200_i1.jpg%3Ftype%3Dw450_fst_n%22&twidth=226&theight=226&opts=17,1
63,자두와인 레드,"22,000",750ml,과실주,12,2,3,2,2,피자,피자두,자두사랑,https://dthumb-phinf.pstatic.net/?src=%22https%3A%2F%2Fdbscthumb-phinf.pstatic.net%2F4776_000_1%2F20170522213000427_1DVRPIY7Y.JPG%2Ffe87_209_i1.JPG%3Ftype%3Dw450_fst_n%22&twidth=226&theight=226&opts=17,1
64,장수 오미자주,"5,400",360ml,과실주,16.5,3,4,3,4,"버섯요리, 송이버섯 전골","오미자(국내산), 정제수, 주정, 설탕, 효모",서울장수주식회사,https://dthumb-phinf.pstatic.net/?src=%22https%3A%2F%2Fdbscthumb-phinf.pstatic.net%2F4776_000_2%2F20200824184310218_GOXOSG7KK.jpg%2Ffe87_472_i1.jpg%3Ftype%3Dw450_fst_n%22&twidth=226&theight=226&opts=17,3
65,젤코바 스페셜와인,"17,000",375ml,과실주,11.5,2,4,3,2,"불고기, 양념갈비","국내산 산머루, MBA포도",젤코바와이너리,https://dthumb-phinf.pstatic.net/?src=%22https%3A%2F%2Fdbscthumb-phinf.pstatic.net%2F4776_000_2%2F20200824194508852_TA5UK3EUD.jpg%2Ffe87_494_i1.jpg%3Ftype%3Dw450_fst_n%22&twidth=226&theight=226&opts=17,1
66,젤코바 프리미엄 와인,"33,000",500ml,과실주,12,1,4,4,2,"양념 소갈비, 육전","국내산 산머루, MBA포도",젤코바와이너리,https://dthumb-phinf.pstatic.net/?src=%22https%3A%2F%2Fdbscthumb-phinf.pstatic.net%2F4776_000_2%2F20200824194703614_OMOHRS5G3.jpg%2Ffe87_495_i1.jpg%3Ftype%3Dw450_fst_n%22&twidth=226&theight=226&opts=17,1
67,추사 로제,"20,000",375ml,과실주,12,2,3,1,2,"애플파이, 과실 샐러드",사과(국내산),예산사과와인,https://dthumb-phinf.pstatic.net/?src=%22https%3A%2F%2Fdbscthumb-phinf.pstatic.net%2F4776_000_1%2F20181013073257168_GTC11D1XB.jpg%2Ffe87_326_i1.jpg%3Ftype%3Dw450_fst_n%22&twidth=226&theight=226&opts=10,2
68,추사 블루베리 와인,"20,000",375ml,과실주,11,3,1,3,2,"블루베리 파이, 사과 파이","예산블루베리 60%(국내산), 설탕, 구연산, 무수아황산, 소르빈산칼륨",예산사과와인,https://dthumb-phinf.pstatic.net/?src=%22https%3A%2F%2Fdbscthumb-phinf.pstatic.net%2F4776_000_1%2F20170522201454730_HR73ADRDZ.JPG%2Ffe87_198_i1.JPG%3Ftype%3Dw450_fst_n%22&twidth=226&theight=226&opts=17,4
69,추사 애플와인,"20,000",375ml,과실주,12,3,1,3,2,닭 백숙,사과(국내산),예산사과와인,https://dthumb-phinf.pstatic.net/?src=%22https%3A%2F%2Fdbscthumb-phinf.pstatic.net%2F4776_000_1%2F20170522200853977_IUGDKDS9Q.jpg%2Ffe87_197_i1.jpg%3Ftype%3Dw450_fst_n%22&twidth=226&theight=226&opts=17,4
70,"코이버펑크, 머스캣 베일리 에","65,000",750ml,과실주,12,3,3,4,3,"고추장, 된장",와이너리 재배 포도 100%,코이버펑크,https://dthumb-phinf.pstatic.net/?src=%22https%3A%2F%2Fdbscthumb-phinf.pstatic.net%2F4776_000_3%2F20220323120355472_076ZVMJQC.jpg%2Ffe87_546_i1.jpg%3Ftype%3Dw450_fst_n%22&twidth=226&theight=226&opts=10,3
71,"코이버펑크, 샤르도네 세미용 2018","65,000",750ml,과실주,11.5,2,4,4,4,한식,"샤르도네 포도품종, 세미용 포도품종, 실바너 포도품종",코이버펑크,https://dthumb-phinf.pstatic.net/?src=%22https%3A%2F%2Fdbscthumb-phinf.pstatic.net%2F4776_000_3%2F20220323120549122_OFO0F3BJ4.jpg%2Ffe87_547_i1.jpg%3Ftype%3Dw450_fst_n%22&twidth=226&theight=226&opts=10,1
72,쿨샷 7.5,"60,000",300ml,과실주,7.5,3,1,2,2,케잌,"복분자과실, 주정, 효모, 구연산, 정제수",고창선운산,https://dthumb-phinf.pstatic.net/?src=%22https%3A%2F%2Fdbscthumb-phinf.pstatic.net%2F4776_000_1%2F20181013003853116_3RPK3G2BM.jpg%2Ffe87_269_i1.jpg%3Ftype%3Dw450_fst_n%22&twidth=226&theight=226&opts=10,2
73,한스오차드 사과와인,"20,000",750ml,과실주,11,4,3,2,2,"치즈, 과일 안주",사과,㈜한국애플리즈,https://dthumb-phinf.pstatic.net/?src=%22https%3A%2F%2Fdbscthumb-phinf.pstatic.net%2F4776_000_1%2F20181012200838946_H1X4KZ6Q2.jpg%2Ffe87_237_i1.jpg%3Ftype%3Dw450_fst_n%22&twidth=226&theight=226&opts=10,3
74,혼디주,"8,000",330ml,과실주,12,4,3,2,3,제주도 흑돼지 구이,"제주산감귤, 백설탕, 구연산, 무수아황산",㈜시트러스,https://dthumb-phinf.pstatic.net/?src=%22https%3A%2F%2Fdbscthumb-phinf.pstatic.net%2F4776_000_2%2F20190726162102298_R3BVYYX0H.jpg%2Ffe87_384_i1.jpg%3Ftype%3Dw450_fst_n%22&twidth=226&theight=226&opts=10,3
75,The 찾을수록,"9,000",360ml,과실주,14,4,2,2,3,스낵,"사과와인, 정제수, 정제주정 외 제품별 농축액 (복숭아, 포도, 사과, 감귤, 생강, 커피향 등)",㈜한국애플리즈,https://dbscthumb-phinf.pstatic.net/4776_000_1/20181012204458736_WWP2CUJT1.jpg/fe87_241_i1.jpg?type=m251&wm=Y,3
76,경기전,"27,000",1000ml,기타주류,5,2,3,2,4,맥주에 어울리는 모든 안주,"국내산 보리, 맥아, 호프펠렛, 효모, 정제효소제, 정제수",전주술로시티,https://dthumb-phinf.pstatic.net/?src=%22https%3A%2F%2Fdbscthumb-phinf.pstatic.net%2F4776_000_2%2F20190726164131942_XWHIQE8F0.jpg%2Ffe87_390_i1.jpg%3Ftype%3Dw450_fst_n%22&twidth=226&theight=226&opts=10,3
77,메로니아,"2,000",750ml,기타주류,4,4,1,2,5,,"국내산 쌀, 물엿, 합성착향료(메론향), 효모, 국, 혼합제제, 아스파탐, 젖산, 합성 향료(밀크향), 효소처리스테비아, 멜론농축액",배혜정도가,https://dthumb-phinf.pstatic.net/?src=%22https%3A%2F%2Fdbscthumb-phinf.pstatic.net%2F4776_000_1%2F20170112175143396_V1UQBALSO.jpg%2Ffe87_010_i1.jpg%3Ftype%3Dw450_fst_n%22&twidth=226&theight=226&opts=10,3
78,바나나 주,"1,700",750ml,기타주류,4,3,1,2,3,열대과일,"쌀, 국, 정제수, 바나나 농축액, 조제종국, 효모, 물엿",조은술 세종,https://dthumb-phinf.pstatic.net/?src=%22https%3A%2F%2Fdbscthumb-phinf.pstatic.net%2F4776_000_1%2F20170222175750402_1VRAABOR9.jpg%2Ffe87_021_i1.jpg%3Ftype%3Dw450_fst_n%22&twidth=226&theight=226&opts=10,2
79,백운 복분자 와인,"7,000",360ml,기타주류,11,2,2,1,1,중국음식,"쌀, 토종 복분자과즙",백운주가,https://dthumb-phinf.pstatic.net/?src=%22https%3A%2F%2Fdbscthumb-phinf.pstatic.net%2F4776_000_1%2F20170522175406242_4G4GK73HN.JPG%2Ffe87_176_i1.JPG%3Ftype%3Dw450_fst_n%22&twidth=226&theight=226&opts=17,2
80,백운 복분자주,"7,000",360ml,기타주류,13,3,2,2,2,탕수육,"쌀, 토종 복분자과즙",백운주가,https://dthumb-phinf.pstatic.net/?src=%22https%3A%2F%2Fdbscthumb-phinf.pstatic.net%2F4776_000_1%2F20170522174800230_1UOHVZX7W.JPG%2Ffe87_175_i1.JPG%3Ftype%3Dw450_fst_n%22&twidth=226&theight=226&opts=17,2
81,세종 알밤주,"1,500",750ml,기타주류,6,4,1,2,3,야채 샐러드,"정제수, 백미, 소맥분, 알밤(국내산), 전분당, 효모, 젖산",조은술 세종,https://dthumb-phinf.pstatic.net/?src=%22https%3A%2F%2Fdbscthumb-phinf.pstatic.net%2F4776_000_1%2F20170224102143917_X3OALY906.jpg%2Ffe87_078_i1.jpg%3Ftype%3Dw450_fst_n%22&twidth=226&theight=226&opts=10,3
82,애피소드호프,"21,000",500ml,기타주류,3.5,4,4,2,4,"치킨, 닭강정, 튀김류","사과과즙, 보리, 쌀, 홉",㈜한국애플리즈,https://dthumb-phinf.pstatic.net/?src=%22https%3A%2F%2Fdbscthumb-phinf.pstatic.net%2F4776_000_1%2F20181012203639397_LSFQF20N6.jpg%2Ffe87_240_i1.jpg%3Ftype%3Dw450_fst_n%22&twidth=226&theight=226&opts=10,3
83,오목대,"27,000",1000ml,기타주류,5,2,3,3,4,맥주와 어울리는 기름진 음식,"보리(국내산), 맥아(국내산), 말토텍스트린, 호프펠렛, 효모, 정제효소제, 정제수",농업회사법인 동문거리양조장(주),https://dthumb-phinf.pstatic.net/?src=%22https%3A%2F%2Fdbscthumb-phinf.pstatic.net%2F4776_000_2%2F20190726164456398_HJAU7T28E.jpg%2Ffe87_391_i1.jpg%3Ftype%3Dw450_fst_n%22&twidth=226&theight=226&opts=17,3
84,우도땅콩전통주,"4,000",750ml,기타주류,6,4,1,3,3,안주 없이,"쌀, 우도땅콩",조은술 세종,https://dthumb-phinf.pstatic.net/?src=%22https%3A%2F%2Fdbscthumb-phinf.pstatic.net%2F4776_000_1%2F20170224110751116_5F3YFOCK0.jpg%2Ffe87_102_i1.jpg%3Ftype%3Dw450_fst_n%22&twidth=226&theight=226&opts=10,3
85,주몽 복분자주,"5,000",75ml,기타주류,16,3,1,3,1,케이크,"쌀, 복분자",술소리,https://dthumb-phinf.pstatic.net/?src=%22https%3A%2F%2Fdbscthumb-phinf.pstatic.net%2F4776_000_1%2F20170522190434628_2I8OXAEUQ.JPG%2Ffe87_186_i1.JPG%3Ftype%3Dw450_fst_n%22&twidth=226&theight=226&opts=17,4
86,톡쏘는 알밤동동,"1,300",750ml,기타주류,6,4,1,3,3,,"쌀, 정제수, 입국, 밤 농축액, 밤 추출물 등",우리술,https://dthumb-phinf.pstatic.net/?src=%22https%3A%2F%2Fdbscthumb-phinf.pstatic.net%2F4776_000_1%2F20170112175039444_NV2DZSC7Y.jpg%2Ffe87_006_i1.jpg%3Ftype%3Dw450_fst_n%22&twidth=226&theight=226&opts=10,3
87,허니문와인,"35,000",375ml,기타주류,10,4,2,2,2,,벌꿀(국내산),아이비영농조합법인,https://dthumb-phinf.pstatic.net/?src=%22https%3A%2F%2Fdbscthumb-phinf.pstatic.net%2F4776_000_2%2F20190726142826916_D1DNI5FVF.jpg%2Ffe87_340_i1.jpg%3Ftype%3Dw450_fst_n%22&twidth=226&theight=226&opts=17,3
88,허니비,"35,000",500ml,기타주류,8,3,1,2,1,"개성약과, 다식",벌꿀(국내산),아이비영농조합법인,https://dthumb-phinf.pstatic.net/?src=%22https%3A%2F%2Fdbscthumb-phinf.pstatic.net%2F4776_000_1%2F20170522193930712_01OXJVIXW.JPG%2Ffe87_192_i1.JPG%3Ftype%3Dw450_fst_n%22&twidth=226&theight=226&opts=17,2
89,허니비 와인,"35,000",500ml,기타주류,8,3,1,2,1,,국내산 벌꿀,아이비영농조합법인,https://dthumb-phinf.pstatic.net/?src=%22https%3A%2F%2Fdbscthumb-phinf.pstatic.net%2F4776_000_1%2F20170522193930712_01OXJVIXW.JPG%2Ffe87_192_i1.JPG%3Ftype%3Dw450_fst_n%22&twidth=226&theight=226&opts=17,2
90,호두땅콩막걸리,"2,700",750ml,기타주류,6,3,1,4,2,"땅콩, 호두 등 견과류","물, 쌀(국내산), 고과당, 국(밀), 땅콩(국내산)",배혜정도가,https://dbscthumb-phinf.pstatic.net/4776_000_2/20200824164610847_V9PNIYJE0.jpg/fe87_430_i1.jpg?type=m251&wm=Y,4
91,담솔,"22,000",500ml,리큐르,40,3,0,3,3,두부전골,"백미(함양산) 90%, 솔잎·송순(함양산) 10%",솔송주(명가원),https://dthumb-phinf.pstatic.net/?src=%22https%3A%2F%2Fdbscthumb-phinf.pstatic.net%2F5628_000_1%2F20181126164103774_TZHNWP5WD.jpg%2Ffe115_29_i1.jpg%3Ftype%3Dw450_fst_n%22&twidth=226&theight=226&opts=10,2
92,산내울 복분자주,"20,000",750ml,리큐르,16,4,4,3,3,탄산수와 섞어 마실 것을 추천,"복분자, 설탕, 주정, 정제수, 과당",거창사과원예농협,https://dthumb-phinf.pstatic.net/?src=%22https%3A%2F%2Fdbscthumb-phinf.pstatic.net%2F4776_000_2%2F20200824174907198_4NONN08R7.jpg%2Ffe87_451_i1.jpg%3Ftype%3Dw450_fst_n%22&twidth=226&theight=226&opts=17,3
93,산내울 사과애주,"14,000",750ml,리큐르,16,4,4,2,3,탄산수와 섞어 마실 것을 추천,"사과, 설탕, 주정, 정제수, 과당",거창사과원예농협,https://dthumb-phinf.pstatic.net/?src=%22https%3A%2F%2Fdbscthumb-phinf.pstatic.net%2F4776_000_2%2F20200824175052305_QC1VFFGHF.jpg%2Ffe87_452_i1.jpg%3Ftype%3Dw450_fst_n%22&twidth=226&theight=226&opts=17,3
94,이강주 2호,"28,000",750ml,리큐르,25,2,0,2,2,보쌈,"쌀, 소맥분, 정맥, 배, 생강, 계피, 울금, 꿀",전주이강주,https://dthumb-phinf.pstatic.net/?src=%22https%3A%2F%2Fdbscthumb-phinf.pstatic.net%2F4776_000_1%2F20170113195446169_S2NPU1Q01.jpg%2Ffe87_029_i1.jpg%3Ftype%3Dw450_fst_n%22&twidth=226&theight=226&opts=10,2
95,이강주 375ml,"4,500",375ml,리큐르,19,2,0,2,2,보쌈,국내산 쌀,전주이강주,https://dthumb-phinf.pstatic.net/?src=%22https%3A%2F%2Fdbscthumb-phinf.pstatic.net%2F4776_000_1%2F20170113195423387_GWSPNBUOV.jpg%2Ffe87_028_i1.jpg%3Ftype%3Dw450_fst_n%22&twidth=226&theight=226&opts=17,2
96,감자술 13%,"14,000",700ml,약주,13,3,2,2,3,감자전,"백미(국내산), 감자(국내산), 누룩, 효모, 정제수",오대서주양조,https://dthumb-phinf.pstatic.net/?src=%22https%3A%2F%2Fdbscthumb-phinf.pstatic.net%2F4776_000_2%2F20190726173312428_9KUFPAV7J.jpg%2Ffe87_407_i1.jpg%3Ftype%3Dw450_fst_n%22&twidth=226&theight=226&opts=10,3
97,구기홍주 14,"16,000",750ml,약주,14,2,2,2,2,약간 매운 음식,"국내산 쌀, 국, 구기자추출액, 올리고당, 효모, 효소, 아세설팜칼륨, 정제수",두이술공방,https://dthumb-phinf.pstatic.net/?src=%22https%3A%2F%2Fdbscthumb-phinf.pstatic.net%2F4776_000_2%2F20200824190818965_N0WFTK1VM.jpg%2Ffe87_481_i1.jpg%3Ftype%3Dw450_fst_n%22&twidth=226&theight=226&opts=17,2
98,금산인삼주,"12,000",375ml,약주,12.5,1,3,2,2,양념 돼지갈비,"쌀, 인삼, 누룩, 정제수",금산인삼주,https://dthumb-phinf.pstatic.net/?src=%22https%3A%2F%2Fdbscthumb-phinf.pstatic.net%2F4776_000_1%2F20170522130949610_73YISFLV5.jpg%2Ffe87_128_i1.jpg%3Ftype%3Dw450_fst_n%22&twidth=226&theight=226&opts=17,1
99,기다림 맑은술,"25,000",500ml,약주,15,4,3,3,3,"곱창 전골, 연포탕","국내산 멥쌀, 국내산 찹쌀, 곡자, 정제수",제이케이크래프트,https://dthumb-phinf.pstatic.net/?src=%22https%3A%2F%2Fdbscthumb-phinf.pstatic.net%2F4776_000_2%2F20190726170758628_26LKBRKT3.jpg%2Ffe87_399_i1.jpg%3Ftype%3Dw450_fst_n%22&twidth=226&theight=226&opts=17,3
100,김포별주,"4,000",500ml,약주,13,3,1,3,1,쭈꾸미 볶음,"쌀, 옥수수 전분, 국, 효모, 젖산, 효소제, 정제수",김포양주,https://dthumb-phinf.pstatic.net/?src=%22https%3A%2F%2Fdbscthumb-phinf.pstatic.net%2F4776_000_1%2F20181013050409841_KWAXKEIH5.jpg%2Ffe87_304_i1.jpg%3Ftype%3Dw450_fst_n%22&twidth=226&theight=226&opts=10,4
101,김포약주,"9,000",750ml,약주,11,1,2,2,1,닭백숙,"옥수수 전분, 밀, 국, 효모, 젖산, 효소제, 정제수",김포양조,https://dthumb-phinf.pstatic.net/?src=%22https%3A%2F%2Fdbscthumb-phinf.pstatic.net%2F4776_000_1%2F20181013045049464_15KMNUPDP.jpg%2Ffe87_302_i1.jpg%3Ftype%3Dw450_fst_n%22&twidth=226&theight=226&opts=10,2
102,김포예주 프리미엄,"15,000",750ml,약주,13,2,1,4,1,불고기,"국내산 쌀, 국, 효모, 젖산, 정제수",김포양조,https://dthumb-phinf.pstatic.net/?src=%22https%3A%2F%2Fdbscthumb-phinf.pstatic.net%2F4776_000_1%2F20181013044420009_D8C32375N.jpg%2Ffe87_301_i1.jpg%3Ftype%3Dw450_fst_n%22&twidth=226&theight=226&opts=10,4
103,김포특주,"3,000",375ml,약주,15,4,4,2,2,"감자탕, 김치찌개, 매운 제육볶음","국내산 쌀, 효모, 정제효소,정제수, 프락토올리고당",김포금쌀탁주영농조합법인,https://dthumb-phinf.pstatic.net/?src=%22https%3A%2F%2Fdbscthumb-phinf.pstatic.net%2F4776_000_1%2F20181013062101632_MU0YTMOKW.jpg%2Ffe87_315_i1.jpg%3Ftype%3Dw450_fst_n%22&twidth=226&theight=226&opts=10,3
104,녹파주,"35,000",375ml,약주,15,3,2,3,2,연잎밥,"국내산 찹쌀, 멥쌀, 누룩, 정제수",솔송주(명가원),https://dthumb-phinf.pstatic.net/?src=%22https%3A%2F%2Fdbscthumb-phinf.pstatic.net%2F4776_000_1%2F20181013054605691_IEV740J47.jpg%2Ffe87_310_i1.jpg%3Ftype%3Dw450_fst_n%22&twidth=226&theight=226&opts=10,4
105,능이주,"12,000",375ml,약주,13,1,3,2,1,버섯구이,"국내산 쌀, 능이농축액, 누룩, 정제수",내국양조,https://dthumb-phinf.pstatic.net/?src=%22https%3A%2F%2Fdbscthumb-phinf.pstatic.net%2F4776_000_1%2F20181013013748016_7G95HK0CF.jpg%2Ffe87_277_i1.jpg%3Ftype%3Dw450_fst_n%22&twidth=226&theight=226&opts=10,1
106,능이주,"12,000",375ml,약주,13,1,3,2,1,버섯구이,"국내산 쌀, 능이농축액, 누룩, 정제수",내국양조,https://dthumb-phinf.pstatic.net/?src=%22https%3A%2F%2Fdbscthumb-phinf.pstatic.net%2F5628_000_1%2F20181126160816857_VXPU8RYYG.jpg%2Ffe115_17_i1.jpg%3Ftype%3Dw450_fst_n%22&twidth=226&theight=226&opts=10,1
107,니모메,"12,000",375ml,약주,11,2,1,2,1,흰 살 생선 회,"쌀(국내산), 감귤 진피, 정제수",제주샘주,https://dthumb-phinf.pstatic.net/?src=%22https%3A%2F%2Fdbscthumb-phinf.pstatic.net%2F4776_000_1%2F20181012224600173_KZGUAXX6O.jpg%2Ffe87_253_i1.jpg%3Ftype%3Dw450_fst_n%22&twidth=226&theight=226&opts=17,2
108,대윤 가야곡 왕주,"4,000",300ml,약주,13,2,2,3,1,쭈꾸미 볶음,"쌀, 누룩, 효모, 물엿, 정제수",대윤가야곡주조,https://dthumb-phinf.pstatic.net/?src=%22https%3A%2F%2Fdbscthumb-phinf.pstatic.net%2F4776_000_1%2F20170522144946609_COXYSSMJ2.jpg%2Ffe87_144_i1.jpg%3Ftype%3Dw450_fst_n%22&twidth=226&theight=226&opts=17,4
109,동몽,"30,000",500ml,약주,17,2,3,3,1,두부전골,"홍천 쌀, 정제수, 단호박, 국(밀 누룩)",예술주조,https://dthumb-phinf.pstatic.net/?src=%22https%3A%2F%2Fdbscthumb-phinf.pstatic.net%2F4776_000_1%2F20170116183755171_V64VQROUB.jpg%2Ffe87_100_i1.jpg%3Ftype%3Dw450_fst_n%22&twidth=226&theight=226&opts=10,1
110,동학 1957,"3,500",375ml,약주,13,3,3,3,2,한정식,"국내산 쌀, 구연산, 효모, 젖산, 정제효소제, 국, 주정, 정제수",고헌정영농조합법인,https://dthumb-phinf.pstatic.net/?src=%22https%3A%2F%2Fdbscthumb-phinf.pstatic.net%2F4776_000_3%2F20200824210240472_IM2XKDIOS.png%2Ffe87_523_i1.png%3Ftype%3Dw450_fst_n%22&twidth=226&theight=226&opts=17,3
111,라이스퐁당,"18,000",500ml,약주,13,3,3,4,1,닭볶음탕,"정제수, 찹쌀, 누룩, 삼지구엽초, 감초",벗드림양조장,https://dthumb-phinf.pstatic.net/?src=%22https%3A%2F%2Fdbscthumb-phinf.pstatic.net%2F4776_000_2%2F20200824201854230_A6LCNWYO1.jpg%2Ffe87_507_i1.jpg%3Ftype%3Dw450_fst_n%22&twidth=226&theight=226&opts=17,4
112,라이스퐁당 17,"18,000",500ml,약주,17,3,3,4,1,닭볶음탕,"찹쌀(국내산), 누룩, 정제수(음양곽, 감초)",벗드림양조장,https://dthumb-phinf.pstatic.net/?src=%22https%3A%2F%2Fdbscthumb-phinf.pstatic.net%2F4776_000_2%2F20200824202400121_U59V7XN47.jpg%2Ffe87_508_i1.jpg%3Ftype%3Dw450_fst_n%22&twidth=226&theight=226&opts=17,4
113,맑은 문희주,"36,000",750ml,약주,13,3,1,2,1,나물 무침,"유기농찹쌀 (국산), 멥쌀 (국산), 전통누룩 (우리 밀), 정제수",문경주조,https://dthumb-phinf.pstatic.net/?src=%22https%3A%2F%2Fdbscthumb-phinf.pstatic.net%2F4776_000_1%2F20170116183312216_3JCMJ114O.jpg%2Ffe87_094_i1.jpg%3Ftype%3Dw450_fst_n%22&twidth=226&theight=226&opts=17,2
114,맑은술 해밀,"25,000",500ml,약주,15,3,2,2,2,생선요리,"쌀, 누룩, 정제수",내변산양조장,https://dthumb-phinf.pstatic.net/?src=%22https%3A%2F%2Fdbscthumb-phinf.pstatic.net%2F4776_000_2%2F20190726172301804_F1MO9V9DR.jpg%2Ffe87_404_i1.jpg%3Ftype%3Dw450_fst_n%22&twidth=226&theight=226&opts=10,2
115,매실향기 담은 술,"6,000",500ml,약주,14,3,3,3,3,소고기 전골,"국내산 쌀, 효모, 조효소재, 물엿, 아스파탐, 정제수",명세주가,https://dthumb-phinf.pstatic.net/?src=%22https%3A%2F%2Fdbscthumb-phinf.pstatic.net%2F4776_000_2%2F20190726181109433_EPUC6ID06.jpg%2Ffe87_422_i1.jpg%3Ftype%3Dw450_fst_n%22&twidth=226&theight=226&opts=17,3
116,면천두견주 360,"32,000",360ml,약주,18,3,1,3,1,"불고기, 해물맑은탕","국내산 찹쌀, 누룩, 진달래꽃",면천두견주,https://dthumb-phinf.pstatic.net/?src=%22https%3A%2F%2Fdbscthumb-phinf.pstatic.net%2F4776_000_1%2F20181013063601781_ROLSYWZKO.jpg%2Ffe87_318_i1.jpg%3Ftype%3Dw450_fst_n%22&twidth=226&theight=226&opts=10,4
117,면천두견주 700,"15,000",700ml,약주,18,3,1,3,1,"진달래 화전, 은행구이","국내산 찹쌀, 누룩, 진달래꽃",면천두견주,https://dthumb-phinf.pstatic.net/?src=%22https%3A%2F%2Fdbscthumb-phinf.pstatic.net%2F4776_000_1%2F20181013064354490_NF663ZJYG.jpg%2Ffe87_319_i1.jpg%3Ftype%3Dw450_fst_n%22&twidth=226&theight=226&opts=10,4
118,면천두견주 900,"120,000",900ml,약주,18,3,1,3,1,"진달래 화전, 은행구이","국내산 찹쌀, 누룩, 진달래꽃",면천두견주,https://dthumb-phinf.pstatic.net/?src=%22https%3A%2F%2Fdbscthumb-phinf.pstatic.net%2F4776_000_1%2F20181013065115611_8ONKAYX4I.jpg%2Ffe87_320_i1.jpg%3Ftype%3Dw450_fst_n%22&twidth=226&theight=226&opts=10,4
119,명인 홍삼주,"12,000",375ml,약주,12.5,1,3,2,2,양념갈비,"쌀, 홍삼, 누룩, 정제수",금산인삼주,https://dthumb-phinf.pstatic.net/?src=%22https%3A%2F%2Fdbscthumb-phinf.pstatic.net%2F4776_000_1%2F20170522131739870_1VS1L4CXC.jpg%2Ffe87_129_i1.jpg%3Ftype%3Dw450_fst_n%22&twidth=226&theight=226&opts=17,1
120,모월 연,"18,000",500ml,약주,13,1,3,2,2,편한 일상 속 저녁 식사와 함께,"국내산 쌀, 밀누룩(국산)",모월,https://dthumb-phinf.pstatic.net/?src=%22https%3A%2F%2Fdbscthumb-phinf.pstatic.net%2F4776_000_2%2F20200824194259734_LEKZXDYCY.jpg%2Ffe87_493_i1.jpg%3Ftype%3Dw450_fst_n%22&twidth=226&theight=226&opts=17,1
121,모월 청,"21,000",500ml,약주,16,1,3,3,2,양념된 고기류,"쌀(국내산), 누룩, 정제수",모월,https://dthumb-phinf.pstatic.net/?src=%22https%3A%2F%2Fdbscthumb-phinf.pstatic.net%2F4776_000_2%2F20200824194049194_CXYXL4G4E.jpg%2Ffe87_492_i1.jpg%3Ftype%3Dw450_fst_n%22&twidth=226&theight=226&opts=17,1
122,밤꽃향기,"4,000",375ml,약주,13.5,5,2,2,2,"구운 밤, 공주국밥","국내산 쌀, 밤, 누룩, 정제수",사곡양조장,https://dthumb-phinf.pstatic.net/?src=%22https%3A%2F%2Fdbscthumb-phinf.pstatic.net%2F4776_000_1%2F20181013024252178_Z43EQIDQB.jpg%2Ffe87_285_i1.jpg%3Ftype%3Dw450_fst_n%22&twidth=226&theight=226&opts=10,3
123,방문주 약주,"7,000",500ml,약주,15,2,3,3,3,"한우 불고기, 떡갈비","국내산 찹쌀, 누룩, 정제수",케이소주,https://dthumb-phinf.pstatic.net/?src=%22https%3A%2F%2Fdbscthumb-phinf.pstatic.net%2F4776_000_2%2F20190726143600391_ECYP54JP9.jpg%2Ffe87_344_i1.jpg%3Ftype%3Dw450_fst_n%22&twidth=226&theight=226&opts=10,1
124,백련 맑은술,"7,000",375ml,약주,12,2,2,2,1,어묵,"백미, 정제수, 물엿, 과당, 누룩, 백련잎, 누룩",신평양조장,https://dthumb-phinf.pstatic.net/?src=%22https%3A%2F%2Fdbscthumb-phinf.pstatic.net%2F4776_000_1%2F20170220162000705_KLTUKC2GF.jpg%2F%25EC%258B%25A0%25ED%258F%2589.jpg%3Ftype%3Dw450_fst_n%22&twidth=226&theight=226&opts=10,2
125,삼양춘 생약주,"20,000",500ml,약주,15,2,1,2,1,흰살 생선 찜,"강화섬쌀, 전통누룩, 정제수",삼양춘,https://dthumb-phinf.pstatic.net/?src=%22https%3A%2F%2Fdbscthumb-phinf.pstatic.net%2F4776_000_1%2F20181013035930533_I2J6X04GR.jpg%2Ffe87_295_i1.jpg%3Ftype%3Dw450_fst_n%22&twidth=226&theight=226&opts=10,2
126,서주 16%,"45,000",400ml,약주,16,3,2,3,3,기름진 감자전,"백미(국내산), 감자(국내산), 누룩, 효모, 정제수",오대서주양조,https://dthumb-phinf.pstatic.net/?src=%22https%3A%2F%2Fdbscthumb-phinf.pstatic.net%2F4776_000_2%2F20190726173545918_H7AP76A5L.jpg%2Ffe87_408_i1.jpg%3Ftype%3Dw450_fst_n%22&twidth=226&theight=226&opts=17,3
127,석로주,"34,000",720ml,약주,13,1,1,4,1,버섯 전골,"국내산 쌀, 석이버섯, 누룩, 효모, 정제수",석이원주조,https://dthumb-phinf.pstatic.net/?src=%22https%3A%2F%2Fdbscthumb-phinf.pstatic.net%2F4776_000_1%2F20181013054036147_99II2NYBC.jpg%2Ffe87_309_i1.jpg%3Ftype%3Dw450_fst_n%22&twidth=226&theight=226&opts=10,4
128,석탄주 약주,"7,000",500ml,약주,15,1,3,3,2,"참치 뱃살, 수육","국내산 찹쌀, 누룩, 정제수",케이소주,https://dthumb-phinf.pstatic.net/?src=%22https%3A%2F%2Fdbscthumb-phinf.pstatic.net%2F4776_000_2%2F20190726143157722_IOQJC5DGP.jpg%2Ffe87_342_i1.jpg%3Ftype%3Dw450_fst_n%22&twidth=226&theight=226&opts=10,1
129,세종대왕어주 약주,"25,900",500ml,약주,15,3,1,3,1,매콤새콤한 무침,"쌀, 누룩 정제수",장희도가,https://dthumb-phinf.pstatic.net/?src=%22https%3A%2F%2Fdbscthumb-phinf.pstatic.net%2F4776_000_2%2F20200824170807264_OJ2M0B5P2.jpg%2Ffe87_436_i1.jpg%3Ftype%3Dw450_fst_n%22&twidth=226&theight=226&opts=17,4
130,소백산 청 동동주,"3,000",1700ml,약주,10,2,1,4,2,파스타,"쌀, 소맥분, 누룩, 주정, 고과당, 대추 등",대강양조장,https://dthumb-phinf.pstatic.net/?src=%22https%3A%2F%2Fdbscthumb-phinf.pstatic.net%2F4776_000_1%2F20170116183602133_G2CEPDVMC.jpg%2Ffe87_098_i1.jpg%3Ftype%3Dw450_fst_n%22&twidth=226&theight=226&opts=17,4
131,송이주,"12,000",375ml,약주,13,1,4,2,1,소 등심 구이,"국내산 쌀, 송이농축액, 누룩, 정제수",내국양조,https://dthumb-phinf.pstatic.net/?src=%22https%3A%2F%2Fdbscthumb-phinf.pstatic.net%2F4776_000_1%2F20181013014529537_VOUXM0UT7.jpg%2Ffe87_278_i1.jpg%3Ftype%3Dw450_fst_n%22&twidth=226&theight=226&opts=10,1
132,술아 국화주,"18,000",375ml,약주,15,4,3,4,2,샐러드,"국내산 찹쌀, 누룩, 건조국화꽃, 증류주, 정제수",술아원,https://dthumb-phinf.pstatic.net/?src=%22https%3A%2F%2Fdbscthumb-phinf.pstatic.net%2F4776_000_1%2F20181013071307793_IYQB0A0HG.jpg%2Ffe87_323_i1.jpg%3Ftype%3Dw450_fst_n%22&twidth=226&theight=226&opts=10,4
133,술아 매화주,"36,000",375ml,약주,15,5,3,4,2,샐러드,"국내산 찹쌀, 누룩, 건조매화꽃, 증류주, 정제수",술아원,https://dthumb-phinf.pstatic.net/?src=%22https%3A%2F%2Fdbscthumb-phinf.pstatic.net%2F4776_000_1%2F20181013065840999_1J1DYQP9R.jpg%2Ffe87_321_i1.jpg%3Ftype%3Dw450_fst_n%22&twidth=226&theight=226&opts=10,4
134,술아 순곡주,"36,000",375ml,약주,20,5,3,5,2,"맑은 소고기국, 미역국, 계란국","국내산 찹쌀, 누룩, 증류주, 정제수",술아원,https://dthumb-phinf.pstatic.net/?src=%22https%3A%2F%2Fdbscthumb-phinf.pstatic.net%2F4776_000_1%2F20181013072034509_EAR5K1RIZ.jpg%2Ffe87_324_i1.jpg%3Ftype%3Dw450_fst_n%22&twidth=226&theight=226&opts=10,4
135,술아 연화주,"36,000",375ml,약주,15,5,3,4,2,연잎밥,"국내산 찹쌀, 누룩, 건조연화꽃, 증류주, 정제수",술아원,https://dthumb-phinf.pstatic.net/?src=%22https%3A%2F%2Fdbscthumb-phinf.pstatic.net%2F4776_000_1%2F20181013070614622_4BWJSH46I.jpg%2Ffe87_322_i1.jpg%3Ftype%3Dw450_fst_n%22&twidth=226&theight=226&opts=10,44
136,신선주,"19,000",750ml,약주,16,3,3,2,2,불고기,"쌀, 능금, 신선초, 천궁, 구기자, 당귀솔잎, 대추, 인삼",용두산조은술,https://dthumb-phinf.pstatic.net/?src=%22https%3A%2F%2Fdbscthumb-phinf.pstatic.net%2F4776_000_1%2F20170522203318221_7VH8C6F9C.jpg%2Ffe87_201_i1.jpg%3Ftype%3Dw450_fst_n%22&twidth=226&theight=226&opts=17,3
137,아황주,"23,000",500ml,약주,17,1,3,3,1,명란젓,"찹쌀, 멥쌀, 누룩, 정제수",최행숙전통주가,https://dthumb-phinf.pstatic.net/?src=%22https%3A%2F%2Fdbscthumb-phinf.pstatic.net%2F4776_000_1%2F20181013033514144_YTUSKJLX5.jpg%2Ffe87_291_i1.jpg%3Ftype%3Dw450_fst_n%22&twidth=226&theight=226&opts=10,1
138,애석,"30,000",500ml,약주,15,2,1,2,2,"녹두전, 해물잡채","국내산쌀, 누룩, 정제수",농업회사법인 (주)두루,https://dthumb-phinf.pstatic.net/?src=%22https%3A%2F%2Fdbscthumb-phinf.pstatic.net%2F4776_000_2%2F20190726154845662_OVK3Q32T5.jpg%2Ffe87_373_i1.jpg%3Ftype%3Dw450_fst_n%22&twidth=226&theight=226&opts=17,2
139,연천 연주,"15,000",500ml,약주,12,2,4,3,2,"수육, 육회, 해물전","쌀(국내산), 누룩, 정제수",농업회사법인 연천양조(주),https://dthumb-phinf.pstatic.net/?src=%22https%3A%2F%2Fdbscthumb-phinf.pstatic.net%2F4776_000_3%2F20200824205734849_7W9GPDDFC.jpg%2Ffe87_521_i1.jpg%3Ftype%3Dw450_fst_n%22&twidth=226&theight=226&opts=17,1
140,오메기 맑은술,"25,000",500ml,약주,16,1,5,3,1,나물 무침,"좁쌀, 햅쌀, 정제수, 누룩",제주고소리술익는집,https://dthumb-phinf.pstatic.net/?src=%22https%3A%2F%2Fdbscthumb-phinf.pstatic.net%2F4776_000_1%2F20181012220825589_4UD7IOS8F.jpg%2Ffe87_249_i1.jpg%3Ftype%3Dw450_fst_n%22&twidth=226&theight=226&opts=10,1
141,오메기술,"13,000",375ml,약주,13,2,2,3,1,"고사리 무침, 전","백미(국내산), 차조(국내산), 입국(국내산), 누룩, 효모",제주샘주,https://dthumb-phinf.pstatic.net/?src=%22https%3A%2F%2Fdbscthumb-phinf.pstatic.net%2F5628_000_1%2F20181126164709399_T69T4D0CF.jpg%2Ffe115_35_i1.jpg%3Ftype%3Dw450_fst_n%22&twidth=226&theight=226&opts=10,4
142,원조 한산소곡주,"12,000",750ml,약주,16,3,1,2,4,모시떡,"찹쌀(36%), 누룩(3%)",원조소곡주,https://dthumb-phinf.pstatic.net/?src=%22https%3A%2F%2Fdbscthumb-phinf.pstatic.net%2F4776_000_2%2F20190726140724282_YP1WXS9LP.jpg%2Ffe87_331_i1.jpg%3Ftype%3Dw450_fst_n%22&twidth=226&theight=226&opts=17,3
143,유기농 이도 42,"42,000",750ml,약주,42,3,3,2,3,"연어회, 해산물","유기농쌀 (100%), 정제수, 증류원액, 국, 조제종국, 효모 등",조은술 세종,https://dthumb-phinf.pstatic.net/?src=%22https%3A%2F%2Fdbscthumb-phinf.pstatic.net%2F4776_000_1%2F20170112174958210_LN6IJYND7.jpg%2Ffe87_002_i1.jpg%3Ftype%3Dw450_fst_n%22&twidth=226&theight=226&opts=10,3
144,이상헌 약주,"45,000",500ml,약주,18,3,3,3,3,"조개탕, 꼬막무침","아산쌀, 국(국내산 밀누룩), 정제수",이가수불,https://dthumb-phinf.pstatic.net/?src=%22https%3A%2F%2Fdbscthumb-phinf.pstatic.net%2F4776_000_2%2F20190726181948647_PXZPZ5FQA.jpg%2Ffe87_425_i1.jpg%3Ftype%3Dw450_fst_n%22&twidth=226&theight=226&opts=17,3
145,정고집 나주배 약주 9%,"18,000",500ml,약주,9,4,2,2,3,한우 수육,"쌀, 쌀가루(국내산), 배착즙액(나주산), 정제효소제, 종국, 젖산, 효모",남도탁주,https://dthumb-phinf.pstatic.net/?src=%22https%3A%2F%2Fdbscthumb-phinf.pstatic.net%2F4776_000_2%2F20190726165358423_791OWYJ0H.jpg%2Ffe87_394_i1.jpg%3Ftype%3Dw450_fst_n%22&twidth=226&theight=226&opts=10,3
146,조선주조사,"4,000",300ml,약주,14,3,3,3,2,"김치찌개, 된장찌개","쌀(국내산), 입국, 누룩, 주정, 정제수",농업회사법인 우포의아침(주),https://dthumb-phinf.pstatic.net/?src=%22https%3A%2F%2Fdbscthumb-phinf.pstatic.net%2F4776_000_2%2F20200824193247816_8Y995EFJ7.jpg%2Ffe87_489_i1.jpg%3Ftype%3Dw450_fst_n%22&twidth=226&theight=226&opts=17,3
147,지리산 강쇠,"2,500",375ml,약주,13,2,2,4,1,감자탕,"정제수, 쌀, 누룩, 오가피, 산수유, 오미자, 정백당 ,구연산, 정제효소, 야관문",농업회사법인(유)술소리,https://dbscthumb-phinf.pstatic.net/4776_000_1/20170522191719813_L3VMMVLR6.JPG/fe87_188_i1.JPG?type=m251&wm=Y,4
148,천비향 오양주 약주,"40,000",500ml,약주,16,2,2,3,1,소고기 구이,"국내산 쌀, 누룩",좋은술,https://dthumb-phinf.pstatic.net/?src=%22https%3A%2F%2Fdbscthumb-phinf.pstatic.net%2F4776_000_1%2F20181013043057555_V5928PX5N.jpg%2Ffe87_299_i1.jpg%3Ftype%3Dw450_fst_n%22&twidth=226&theight=226&opts=10,4
149,천안연미주,"5,000",375ml,약주,13,2,3,2,4,기름진 음식,국내산 쌀,입장주조㈜,https://dthumb-phinf.pstatic.net/?src=%22https%3A%2F%2Fdbscthumb-phinf.pstatic.net%2F4776_000_1%2F20170522212440188_6ZAD5HS6S.JPG%2Ffe87_208_i1.JPG%3Ftype%3Dw450_fst_n%22&twidth=226&theight=226&opts=17,3
150,청명주,"23,000",500ml,약주,17,4,4,4,3,"민물 매운탕, 보쌈",국내산 쌀,중원당,https://dthumb-phinf.pstatic.net/?src=%22https%3A%2F%2Fdbscthumb-phinf.pstatic.net%2F4776_000_2%2F20181015103553540_RYFTUJ2CL.jpg%2Ffe87_230_i1.jpg%3Ftype%3Dw450_fst_n%22&twidth=226&theight=226&opts=17,3
151,청명주 750,"36,000",750ml,약주,17,4,4,4,2,"민물고기 매운탕, 수육, 보쌈","국내산 찹쌀, 누룩, 소맥분",중원당,https://dthumb-phinf.pstatic.net/?src=%22https%3A%2F%2Fdbscthumb-phinf.pstatic.net%2F4776_000_2%2F20181015103453534_1803I9PQY.jpg%2Ffe87_229_i1.jpg%3Ftype%3Dw450_fst_n%22&twidth=226&theight=226&opts=17,3
152,청양둔송구기주,"12,000",700ml,약주,16,3,1,4,1,양념된 고기,"쌀, 누룩, 구기자, 감초, 두충껍질",청양둔송구기주,https://dthumb-phinf.pstatic.net/?src=%22https%3A%2F%2Fdbscthumb-phinf.pstatic.net%2F4776_000_1%2F20170522160021743_QV1BJ63NG.JPG%2Ffe87_158_i1.JPG%3Ftype%3Dw450_fst_n%22&twidth=226&theight=226&opts=17,4
153,풍정사계,"35,000",500ml,약주,18,4,1,3,1,중국음식,"국내산찹살, 향온곡",화양,https://dthumb-phinf.pstatic.net/?src=%22https%3A%2F%2Fdbscthumb-phinf.pstatic.net%2F4776_000_1%2F20170524153220342_2CQL4W1U1.jpg%2Ffe87_219_i1.jpg%3Ftype%3Dw450_fst_n%22&twidth=226&theight=226&opts=17,4
154,풍정사계 춘(春),"30,000",500ml,약주,15,2,1,3,1,불고기,"찹쌀, 향온곡",화양,https://dthumb-phinf.pstatic.net/?src=%22https%3A%2F%2Fdbscthumb-phinf.pstatic.net%2F4776_000_1%2F20170522222554203_SMLWR2A4O.JPG%2Ffe87_216_i1.JPG%3Ftype%3Dw450_fst_n%22&twidth=226&theight=226&opts=17,4
155,한산소곡주(생주),"12,000",750ml,약주,16,4,1,4,1,,"찹쌀, 누룩, 백미, 정제수",한산소곡주,https://dthumb-phinf.pstatic.net/?src=%22https%3A%2F%2Fdbscthumb-phinf.pstatic.net%2F4776_000_1%2F20170522134919916_VHYNC80WS.jpg%2Ffe87_134_i1.jpg%3Ftype%3Dw450_fst_n%22&twidth=226&theight=226&opts=17,4
156,해파랑,"10,000",375ml,약주,13,3,1,3,1,삼계탕,"쌀(국내산), 해방풍(국내산), 계량누룩, 젖산, 이소말토올리고당, 정제수",영덕주조,https://dthumb-phinf.pstatic.net/?src=%22https%3A%2F%2Fdbscthumb-phinf.pstatic.net%2F4776_000_2%2F20190726175641859_BF9U671OQ.jpg%2Ffe87_417_i1.jpg%3Ftype%3Dw450_fst_n%22&twidth=226&theight=226&opts=10,4
157,황진이주,"3,500",375ml,약주,13,3,2,3,1,한우 구이,"국내산 오미자, 국내산 산수유",농업회사법인(유)술소리,https://dthumb-phinf.pstatic.net/?src=%22https%3A%2F%2Fdbscthumb-phinf.pstatic.net%2F5628_000_1%2F20181126161457164_Z8J67YK11.jpg%2Ffe115_22_i1.jpg%3Ftype%3Dw450_fst_n%22&twidth=226&theight=226&opts=10,4
158,고소리술,"25,000",375ml,증류주,40,2,0,3,3,생선회,"제주산 좁쌀53%, 국내산 쌀 47%",제주샘주,https://dthumb-phinf.pstatic.net/?src=%22https%3A%2F%2Fdbscthumb-phinf.pstatic.net%2F5628_000_1%2F20181126164747829_O077A1JEA.jpg%2Ffe115_36_i1.jpg%3Ftype%3Dw450_fst_n%22&twidth=226&theight=226&opts=10,2
159,도문대작 생막걸리,"2,000",750ml,증류주,10,1,3,2,3,갈비찜,"강릉 쌀, 누룩, 갯방풍나물, 정제수",방풍도가,https://dthumb-phinf.pstatic.net/?src=%22https%3A%2F%2Fdbscthumb-phinf.pstatic.net%2F4776_000_1%2F20181013031757149_ZARUEP4U6.jpg%2Ffe87_289_i1.jpg%3Ftype%3Dw450_fst_n%22&twidth=226&theight=226&opts=10,1
160,마셔블랑,"20,000",750ml,증류주,12,3,3,2,3,샐러드,"감귤과즙, 백설탕, 액상효모, 무수아황산",시트러스,https://dthumb-phinf.pstatic.net/?src=%22https%3A%2F%2Fdbscthumb-phinf.pstatic.net%2F4776_000_2%2F20190726162745855_W8FTSXZ1K.jpg%2Ffe87_386_i1.jpg%3Ftype%3Dw450_fst_n%22&twidth=226&theight=226&opts=10,3
161,미르,"18,000",375ml,증류주,25,2,0,3,1,삼겹살,"쌀(국내산 경기미 100%), 누룩, 정제수",술샘,https://dthumb-phinf.pstatic.net/?src=%22https%3A%2F%2Fdbscthumb-phinf.pstatic.net%2F4776_000_1%2F20170116183811505_7PS7QO4BZ.jpg%2Ffe87_101_i1.jpg%3Ftype%3Dw450_fst_n%22&twidth=226&theight=226&opts=10,4
162,미르 40,"23,000",375ml,증류주,40,1,0,4,0,흰살 생선회,"쌀(국내산 경기미 100%), 누룩, 정제수",술샘,https://dthumb-phinf.pstatic.net/?src=%22https%3A%2F%2Fdbscthumb-phinf.pstatic.net%2F4776_000_1%2F20170112174944783_LIGF9O86H.jpg%2Ffe87_001_i1.jpg%3Ftype%3Dw450_fst_n%22&twidth=226&theight=226&opts=10,4
163,병영소주,"59,400",700ml,증류주,40,3,0,2,3,명란젓,"정제수, 보리증류식 소주원액",병영주조장,https://dthumb-phinf.pstatic.net/?src=%22https%3A%2F%2Fdbscthumb-phinf.pstatic.net%2F4776_000_1%2F20170113195350934_1HYPL52K5.jpg%2Ffe87_026_i1.jpg%3Ftype%3Dw450_fst_n%22&twidth=226&theight=226&opts=10,2
164,"진심홍삼인삼주 38%, 19%","3,000",375ml,증류주,19,3,1,2,1,문어숙회,"국내산 쌀, 국내산 지초",(농)㈜태평주가,https://dthumb-phinf.pstatic.net/?src=%22https%3A%2F%2Fdbscthumb-phinf.pstatic.net%2F4776_000_1%2F20170522210701643_VAUMYEIOK.jpg%2Ffe87_205_i1.jpg%3Ftype%3Dw450_fst_n%22&twidth=226&theight=226&opts=17,2
165,타미앙스,"50,000",500ml,증류주,40,1,0,2,2,옥돔구이,"국내산 쌀, 국내산 한약재",추성고을,https://dthumb-phinf.pstatic.net/?src=%22https%3A%2F%2Fdbscthumb-phinf.pstatic.net%2F4776_000_1%2F20170113194355075_O4LHIF090.jpg%2Ffe87_022_i1.jpg%3Ftype%3Dw450_fst_n%22&twidth=226&theight=226&opts=10,2
166,청세주,"4,000",375ml,청세주,18,3,1,2,1,삼겹살,국내산 쌀,병영주조장,https://dthumb-phinf.pstatic.net/?src=%22https%3A%2F%2Fdbscthumb-phinf.pstatic.net%2F4776_000_1%2F20170116183356119_DD8DLHQU1.jpg%2Ffe87_095_i1.jpg%3Ftype%3Dw450_fst_n%22&twidth=226&theight=226&opts=17,2
167,1000억 유산균 막걸리,"3,200",750ml,탁주,5,3,5,3,5,"보쌈, 족발","국내산쌀, 누룩",국순당,https://dthumb-phinf.pstatic.net/?src=%22https%3A%2F%2Fdbscthumb-phinf.pstatic.net%2F4776_000_3%2F20200824211745693_5GX8P72WC.png%2Ffe87_528_i1.png%3Ftype%3Dw450_fst_n%22&twidth=226&theight=226&opts=17,3
168,1932 새싹땅콩 햅쌀막걸리,"15,000",500ml,탁주,6,2,2,1,3,디저트(케이크)/ 고기(돼지 갈비),"새싹땅콩+고시히카리 쌀, 새싹땅콩+진도산 흑미",1932포천일동막걸리,https://dthumb-phinf.pstatic.net/?src=%22https%3A%2F%2Fdbscthumb-phinf.pstatic.net%2F4776_000_1%2F20170529155654649_UCG6KNQ0X.jpg%2Ffe87_112_i1.jpg%3Ftype%3Dw450_fst_n%22&twidth=226&theight=226&opts=10,2
169,1932 새싹땅콩 흑미막걸리,"15,000",500ml,탁주,6,3,1,2,1,디저트(케이크)/ 고기(돼지 갈비),"새싹땅콩+고시히카리 쌀, 새싹땅콩+진도산 흑미",1932포천일동막걸리,https://dthumb-phinf.pstatic.net/?src=%22https%3A%2F%2Fdbscthumb-phinf.pstatic.net%2F4776_000_1%2F20170529155654649_UCG6KNQ0X.jpg%2Ffe87_112_i1.jpg%3Ftype%3Dw450_fst_n%22&twidth=226&theight=226&opts=10,2
170,가평 잣 막걸리,"1,450",750ml,탁주,6,2,2,3,3,반찬,"쌀, 정제수, 쌀입국, 잣, 효모, 정제효소",가평우리술,https://dthumb-phinf.pstatic.net/?src=%22https%3A%2F%2Fdbscthumb-phinf.pstatic.net%2F4776_000_1%2F20170112175112768_WMICP3MQF.jpg%2Ffe87_008_i1.jpg%3Ftype%3Dw450_fst_n%22&twidth=226&theight=226&opts=10,1
171,강화 생 고향 막걸리,"1,200",750ml,탁주,6,3,2.5,3,2.5,,국내산 쌀,찬우물,https://dbscthumb-phinf.pstatic.net/3002_000_1/20140522145933938_6L8DHOHDY.jpg/105_d1.jpg?type=m251&wm=Y,3
172,강화고향인삼막걸리,"4,000",750ml,탁주,6,3,2.5,3,1,,"국내산쌀90%, 국내산인삼10%",찬우물,https://dbscthumb-phinf.pstatic.net/3002_000_1/20140522145522740_XXKKSS6YV.jpg/86_d1.jpg?type=m251&wm=Y,4
173,걍즐겨,"6,000",600ml,탁주,8,3,4,3,3,안주 없이 즐김,"멥쌀,찹쌀,누룩,프렌치세종,석류,히비스커스",디오케이브루어리,https://dthumb-phinf.pstatic.net/?src=%22https%3A%2F%2Fdbscthumb-phinf.pstatic.net%2F4776_000_2%2F20200824200514070_BKRPRP92K.jpg%2Ffe87_502_i1.jpg%3Ftype%3Dw450_fst_n%22&twidth=226&theight=226&opts=17,3
174,구름을 벗삼아,"1,500",750ml,탁주,6,3,3,3,3,가리비,"정제수, 찹쌀·백미(국내산햅쌀 100%), 입국",문경주조,https://dthumb-phinf.pstatic.net/?src=%22https%3A%2F%2Fdbscthumb-phinf.pstatic.net%2F4776_000_1%2F20170113200854803_A2QJ493XH.jpg%2Ffe87_058_i1.jpg%3Ftype%3Dw450_fst_n%22&twidth=226&theight=226&opts=10,3
175,구암대추막걸리,"2,500",1000ml,탁주,6,3,2.5,3,1,,"쌀, 대추",구암농산,https://dbscthumb-phinf.pstatic.net/3002_000_1/20140522145531527_2OFXVK0FG.jpg/318_d1.jpg?type=m251&wm=Y,4
176,국순당 2010 첫술,"4,200",750ml,탁주,7,3,2.5,3,3,,쌀,국순당,https://dbscthumb-phinf.pstatic.net/3002_000_1/20140522150004005_1NMJFOU1B.jpg/556_d1.jpg?type=m251&wm=Y,3
177,금정산성막걸리,"1,900",750ml,탁주,8,1,3,3,2,흑염소 불고기,"백미, 밀(누룩), 정제수",금정산성 토산주,https://dthumb-phinf.pstatic.net/?src=%22https%3A%2F%2Fdbscthumb-phinf.pstatic.net%2F4776_000_1%2F20170522132458060_MR30GE50S.jpg%2Ffe87_130_i1.jpg%3Ftype%3Dw450_fst_n%22&twidth=226&theight=226&opts=17,1
178,기다림 16,"11,000",750ml,탁주,9,2,4,3,2,동래파전,"국내산 찹쌀, 국내산 흑미, 곡자, 정제수",제이케이크래프트,https://dthumb-phinf.pstatic.net/?src=%22https%3A%2F%2Fdbscthumb-phinf.pstatic.net%2F4776_000_2%2F20190726165930816_TPPKTIPLO.png%2Ffe87_396_i1.png%3Ftype%3Dw450_fst_n%22&twidth=226&theight=226&opts=17,1
179,기다림 25,"9,900",750ml,탁주,8,2,4,2,2,매운 잡채,"국내산 백미, 국내산 찹쌀, 곡자, 정제수",제이케이크래프트,https://dthumb-phinf.pstatic.net/?src=%22https%3A%2F%2Fdbscthumb-phinf.pstatic.net%2F4776_000_2%2F20190726170210672_OLP5HWC02.jpg%2Ffe87_397_i1.jpg%3Ftype%3Dw450_fst_n%22&twidth=226&theight=226&opts=17,1
180,기다림 34,"15,000",500ml,탁주,12,3,3,3,3,산미가 기름진 음식,"국내산 멥쌀, 국내산 찹쌀, 곡자, 정제수",제이케이크래프트,https://dthumb-phinf.pstatic.net/?src=%22https%3A%2F%2Fdbscthumb-phinf.pstatic.net%2F4776_000_2%2F20190726170454374_BVF9FZXK1.png%2Ffe87_398_i1.png%3Ftype%3Dw450_fst_n%22&twidth=226&theight=226&opts=17,3
181,김포 막걸리,"1,200",750ml,탁주,6,2,2,1,3,파전,"쌀, 누룩, 정제수",김포양조,https://dthumb-phinf.pstatic.net/?src=%22https%3A%2F%2Fdbscthumb-phinf.pstatic.net%2F4776_000_1%2F20181013051043394_5YRGMJIQ0.jpg%2Ffe87_305_i1.jpg%3Ftype%3Dw450_fst_n%22&twidth=226&theight=226&opts=10,2
182,까메오 막걸리,"5,000",550ml,탁주,6,3,1,2,2,샐러드,"정제수, 쌀, 효모, 누룩, 과당 등",낙천,https://dthumb-phinf.pstatic.net/?src=%22https%3A%2F%2Fdbscthumb-phinf.pstatic.net%2F4776_000_1%2F20170113202036157_D85TUP60H.jpg%2Ffe87_077_i1.jpg%3Ftype%3Dw450_fst_n%22&twidth=226&theight=226&opts=10,2
183,나루 생 막걸리 11.5도,"11,000",500ml,탁주,11.5,4,1,5,1,생크림 케익,"정제수, 쌀(국내산), 국, 효모(밀함유)",한강주조,https://dthumb-phinf.pstatic.net/?src=%22https%3A%2F%2Fdbscthumb-phinf.pstatic.net%2F4776_000_2%2F20200824183256418_PHFGJWZZM.jpg%2Ffe87_468_i1.jpg%3Ftype%3Dw450_fst_n%22&twidth=226&theight=226&opts=17,4
184,나루 생 막걸리 6도,"7,000",935ml,탁주,6,3,3,2,2,기름진 고기,"정제수, 쌀(국내산), 국, 효모(밀함유)",한강주조,https://dthumb-phinf.pstatic.net/?src=%22https%3A%2F%2Fdbscthumb-phinf.pstatic.net%2F4776_000_3%2F20200924202918773_GJOA57KJ4.JPG%2Ffe87_467_i1.JPG%3Ftype%3Dw450_fst_n%22&twidth=226&theight=226&opts=17,3
185,느린마을 막걸리,"2,300",750ml,탁주,6,3,1,2,3,새우 소금구이,"쌀, 국, 효모, 정제수",배상면주가,https://dthumb-phinf.pstatic.net/?src=%22https%3A%2F%2Fdbscthumb-phinf.pstatic.net%2F4776_000_1%2F20170113200951463_G4PWRXCHN.jpg%2Ffe87_060_i1.jpg%3Ftype%3Dw450_fst_n%22&twidth=226&theight=226&opts=10,2
186,다랭이팜 유자 막걸리,"4,000",750ml,탁주,6,1,5,2,2,아구포,"정제수, 유기농7분도쌀, 친환경유자원액, 혼합제과 누룩",농업회사법인 주식회사 다랭이팜,https://dthumb-phinf.pstatic.net/?src=%22https%3A%2F%2Fdbscthumb-phinf.pstatic.net%2F4776_000_1%2F20170113200429110_0QMCRE5XX.jpg%2Ffe87_051_i1.jpg%3Ftype%3Dw450_fst_n%22&twidth=226&theight=226&opts=10,1
187,담은,"15,000",750ml,탁주,6.5,3,1,2,1,스테이크,"정제수, 쌀(국내산), 입국, 효모, 기타과당, 정제효소제",포천일동막걸리,https://dthumb-phinf.pstatic.net/?src=%22https%3A%2F%2Fdbscthumb-phinf.pstatic.net%2F4776_000_1%2F20170529155848705_IVXGASJ7V.jpg%2Ffe87_110_i1.jpg%3Ftype%3Dw450_fst_n%22&twidth=226&theight=226&opts=10,2
188,대대포 막걸리,"2,500",750ml,탁주,6,3.5,2.5,2.5,2.5,,쌀,담양죽향도가,https://dthumb-phinf.pstatic.net/?src=%22https%3A%2F%2Fdbscthumb-phinf.pstatic.net%2F4776_000_2%2F20200824164916599_K7O8T2N7R.jpg%2Ffe87_431_i1.jpg%3Ftype%3Dw450_fst_n%22&twidth=226&theight=226&opts=17,3
189,대잎 생동동주 (단종),"2,500",1700ml,탁주,6,1,2,2,3,죽순무침,"국내산 쌀, 좁쌀, 정제효소, 젖산, 효모, 아스파탐, 영지, 생각, 정제수",죽향도가,https://dthumb-phinf.pstatic.net/?src=%22https%3A%2F%2Fdbscthumb-phinf.pstatic.net%2F4776_000_2%2F20200824170124806_RYRD8T46O.jpg%2Ffe87_434_i1.jpg%3Ftype%3Dw450_fst_n%22&twidth=226&theight=226&opts=17,2
190,대포막걸리,"1,500",425ml,탁주,7,4,2,3,1,,국내산 쌀,배상면주가,https://dthumb-phinf.pstatic.net/?src=%22https%3A%2F%2Fdbscthumb-phinf.pstatic.net%2F4776_000_2%2F20200824164916599_K7O8T2N7R.jpg%2Ffe87_431_i1.jpg%3Ftype%3Dw450_fst_n%22&twidth=226&theight=226&opts=17,4
191,도구 막걸리,"15,000",750ml,탁주,6,2,2,3,3,생선 조림,"밀(외국산), 쌀(국내산, 외국산), 물엿, 효모, 조제종국, 정제효소제, 아스파탐, 젖산",동해명주,https://dthumb-phinf.pstatic.net/?src=%22https%3A%2F%2Fdbscthumb-phinf.pstatic.net%2F4776_000_2%2F20190726155803330_N6EPZA7RB.jpg%2Ffe87_376_i1.jpg%3Ftype%3Dw450_fst_n%22&twidth=226&theight=226&opts=10,1
192,도깨비술 11%,"12,000",750ml,탁주,11,4,4,5,3,"마늘 정식, 쏘가리 매운탕, 메기 매운탕, 나물 요리","정제수, 쌀, 국,효모",도깨비양조장,https://dthumb-phinf.pstatic.net/?src=%22https%3A%2F%2Fdbscthumb-phinf.pstatic.net%2F4776_000_3%2F20200824205047515_ZVA72BP7U.jpg%2Ffe87_518_i1.jpg%3Ftype%3Dw450_fst_n%22&twidth=226&theight=226&opts=17,3
193,도깨비술 7,"8,000",750ml,탁주,7,3,3,3,4,"마늘 정식, 매운탕, 곤드레밥","국내산 멥쌀, 누룩, 효모, 정제수",도깨비양조장,https://dthumb-phinf.pstatic.net/?src=%22https%3A%2F%2Fdbscthumb-phinf.pstatic.net%2F4776_000_3%2F20200824204640852_C4CXQBPL5.jpg%2Ffe87_516_i1.jpg%3Ftype%3Dw450_fst_n%22&twidth=226&theight=226&opts=17,3
194,도깨비술 9,"10,000",750ml,탁주,9,3,3,4,3,"쏘가리 매운탕, 메기 매운탕, 마늘 정식","국내산 멥쌀, 누룩, 효모, 정제수",도깨비양조장,https://dthumb-phinf.pstatic.net/?src=%22https%3A%2F%2Fdbscthumb-phinf.pstatic.net%2F4776_000_3%2F20200824204828925_RXKYGO42E.jpg%2Ffe87_517_i1.jpg%3Ftype%3Dw450_fst_n%22&twidth=226&theight=226&opts=17,3
195,동정춘,"18,000",500ml,탁주,8,4,3,3,2,"갈비찜, 단맛이 약간 있는 음식","쌀, 누룩, 정제수",농업회사법인㈜산수,https://dthumb-phinf.pstatic.net/?src=%22https%3A%2F%2Fdbscthumb-phinf.pstatic.net%2F4776_000_1%2F20181013052411973_EG8HA2DG2.jpg%2Ffe87_307_i1.jpg%3Ftype%3Dw450_fst_n%22&twidth=226&theight=226&opts=10,3
196,동해동동주,"15,000",750ml,탁주,6,2,1,2,3,문어 숙회,쌀100%(포항쌀),동해명주,https://dthumb-phinf.pstatic.net/?src=%22https%3A%2F%2Fdbscthumb-phinf.pstatic.net%2F4776_000_2%2F20190726160143977_DOW26BS1Y.jpg%2Ffe87_377_i1.jpg%3Ftype%3Dw450_fst_n%22&twidth=226&theight=226&opts=10,2
197,두유노 (단종),"6,000",600ml,탁주,6,2,3,3,3,"피자, 치킨, 떡볶이","국내산 찹쌀, 국내산 멥쌀, 누룩, 밀가루",디오케이브루어리,https://dthumb-phinf.pstatic.net/?src=%22https%3A%2F%2Fdbscthumb-phinf.pstatic.net%2F4776_000_2%2F20200824200953084_BMV9XL4TH.jpg%2Ffe87_504_i1.jpg%3Ftype%3Dw450_fst_n%22&twidth=226&theight=226&opts=17,1
198,만강에 비친 달,"12,000",500ml,탁주,10,2,3,3,3,찌개,"홍천쌀, 단호박, 곡자(밀누룩)",예술주조,https://dthumb-phinf.pstatic.net/?src=%22https%3A%2F%2Fdbscthumb-phinf.pstatic.net%2F4776_000_1%2F20170113200354565_70DEY1IM5.jpg%2Ffe87_049_i1.jpg%3Ftype%3Dw450_fst_n%22&twidth=226&theight=226&opts=10,1
199,맑은내일 발효막걸리,"2,200",750ml,탁주,7,3,3,4,3,"함박 스테이크, 파스타","쌀(국내산), 누룩, 효소, 아스파탐, 정제수",우포의 아침,https://dthumb-phinf.pstatic.net/?src=%22https%3A%2F%2Fdbscthumb-phinf.pstatic.net%2F4776_000_2%2F20200824192033822_GA7GGL0IM.jpg%2Ffe87_486_i1.jpg%3Ftype%3Dw450_fst_n%22&twidth=226&theight=226&opts=17,3
200,매실 막걸리,"3,500",750ml,탁주,7,3,2,1,1,더덕구이,"쌀, 매실과즙",백운주가,https://dthumb-phinf.pstatic.net/?src=%22https%3A%2F%2Fdbscthumb-phinf.pstatic.net%2F4776_000_1%2F20170522180121096_8XKUN4IHD.JPG%2Ffe87_177_i1.JPG%3Ftype%3Dw450_fst_n%22&twidth=226&theight=226&opts=17,2
201,매실탁테일,"3,500",375ml,탁주,7,3.5,3.5,3.5,1,,"국내산 백미, 매실천연과즙",배혜정도가,https://dbscthumb-phinf.pstatic.net/3002_000_1/20140522153717952_OF4RIJTIL.jpg/691_1_2_d1.jpg?type=m251&wm=Y,4
202,매화마름 호랑이 막걸리,"8,500",375ml,탁주,7,3,3,2.5,2.5,,쌀,배혜정도가,https://dbscthumb-phinf.pstatic.net/3002_000_1/20140522153618348_XHEL8CAYY.jpg/673_1_2_d1.jpg?type=m251&wm=Y,3
203,미나리 생막걸리,"1,100",750ml,탁주,6,3,3,3,3,"미나리전, 무침","국내산 쌀, 국내산 무농약 미나리추출액",성포양조장,https://dbscthumb-phinf.pstatic.net/4776_000_2/20200824181948661_RWKY053PU.jpg/fe87_463_i1.jpg?type=m251&wm=Y,3
204,미담,"1,500",750ml,탁주,6,3,2.5,3,3,,국내산 쌀,성광주조,https://dbscthumb-phinf.pstatic.net/3002_000_1/20140522150103734_D7LXPR21Q.jpg/363_d1.jpg?type=m251&wm=Y,3
205,미몽 (단종),"2,000",360ml,탁주,7,3.5,2,2.5,1.5,,"국내산 쌀, 국내산 인삼",국순당,https://dbscthumb-phinf.pstatic.net/3002_000_1/20140522152204854_ZZ5JVVQI0.jpg/67_d1.jpg?type=m251&wm=Y,4
206,미생 막걸리,"1,100",750ml,탁주,6,2,3,3,3,"닭도리탕, 감자탕","국내산 쌀, 누룩, 효모, 정제효소, 정제수",김포금쌀탁주 영농조합법인,https://dthumb-phinf.pstatic.net/?src=%22https%3A%2F%2Fdbscthumb-phinf.pstatic.net%2F4776_000_1%2F20181013061306620_1KUWMGMM9.jpg%2Ffe87_314_i1.jpg%3Ftype%3Dw450_fst_n%22&twidth=226&theight=226&opts=10,1
207,미소 생막걸리,"1,500",750ml,탁주,7,3,3,2,3,"대게, 홍게찜","쌀(국내산), 누룩, 정제수",울진술도가,https://dthumb-phinf.pstatic.net/?src=%22https%3A%2F%2Fdbscthumb-phinf.pstatic.net%2F4776_000_1%2F20181012214730340_BDCJUZ1W6.jpg%2Ffe87_247_i1.jpg%3Ftype%3Dw450_fst_n%22&twidth=226&theight=226&opts=10,3
208,미인탁주,"15,000",500ml,탁주,10,3,1,3,1,수육(돼지고기),"찹쌀, 누룩, 정제수",최행숙전통주가,https://dthumb-phinf.pstatic.net/?src=%22https%3A%2F%2Fdbscthumb-phinf.pstatic.net%2F4776_000_1%2F20181013034217923_6XFYFPG7Y.jpg%2Ffe87_292_i1.jpg%3Ftype%3Dw450_fst_n%22&twidth=226&theight=226&opts=10,4
209,바랑 탁,"18,000",375ml,탁주,15,4,2,4,1,불고기,"국내산 찹쌀, 국내산 멥쌀, 누룩, 소맥분, 정제수",금계당,https://dthumb-phinf.pstatic.net/?src=%22https%3A%2F%2Fdbscthumb-phinf.pstatic.net%2F4776_000_2%2F20200824195225929_MP2CDPJ0I.jpg%2Ffe87_497_i1.jpg%3Ftype%3Dw450_fst_n%22&twidth=226&theight=226&opts=17,1
210,배꽃담은연,"20,000",720ml,탁주,10,3,3,3,3,"미나리전, 고기 빈대떡, 오이무침, 족편","쌀 26.1%, 효모 0.07%, 젖산 0.05%, 정제수 72.31%",술빚는전가네,https://dthumb-phinf.pstatic.net/?src=%22https%3A%2F%2Fdbscthumb-phinf.pstatic.net%2F4776_000_2%2F20190726140504374_5S9AALD44.jpg%2Ffe87_330_i1.jpg%3Ftype%3Dw450_fst_n%22&twidth=226&theight=226&opts=17,3
211,백년향,"33,000",500ml,탁주,10,3,3,3,2,"조개찜, 전복구이, 담백한 요리","쌀,누룩,정제수",추연당,https://dthumb-phinf.pstatic.net/?src=%22https%3A%2F%2Fdbscthumb-phinf.pstatic.net%2F4776_000_2%2F20190726154131667_I73NBER42.jpg%2Ffe87_370_i1.jpg%3Ftype%3Dw450_fst_n%22&twidth=226&theight=226&opts=17,4
212,백련 생막걸리 misty (미스티),"3,000",750ml,탁주,7,2,3,4,4,양념한 생선찜,"백미, 정제수, 물엿, 과당, 누룩, 백련잎, 누룩 등",신평양조장,https://dthumb-phinf.pstatic.net/?src=%22https%3A%2F%2Fdbscthumb-phinf.pstatic.net%2F4776_000_1%2F20170116182513588_JWOEOYNXK.jpg%2Ffe87_083_i1.jpg%3Ftype%3Dw450_fst_n%22&twidth=226&theight=226&opts=17,4
213,백련 생막걸리 snow (스노우),"1,600",750ml,탁주,6,2,2,2,4,숯불바베큐,"백미, 연잎, 정제수, 종국, 효모, 아스파탐, 물엿 등",신평양조장,https://dthumb-phinf.pstatic.net/?src=%22https%3A%2F%2Fdbscthumb-phinf.pstatic.net%2F4776_000_1%2F20170116182406377_QSCXEQ60W.jpg%2Ffe87_081_i1.jpg%3Ftype%3Dw450_fst_n%22&twidth=226&theight=226&opts=17,3
214,백련 생막걸리 snow(스노우),"1,600",750ml,탁주,6,2,2,2,4,숯불바베큐,"백미, 연잎, 정제수, 종국, 효모, 아스파탐, 물엿",신평양조장,https://dthumb-phinf.pstatic.net/?src=%22https%3A%2F%2Fdbscthumb-phinf.pstatic.net%2F4776_000_1%2F20170116182406377_QSCXEQ60W.jpg%2Ffe87_081_i1.jpg%3Ftype%3Dw450_fst_n%22&twidth=226&theight=226&opts=17,3
215,백자주,"18,000",500ml,탁주,10,3,3,3,2,"골뱅이무침, 소라무침","국내산 찹쌀, 멥쌀, 잣, 누룩, 정제수",농업회사법인㈜산수,https://dthumb-phinf.pstatic.net/?src=%22https%3A%2F%2Fdbscthumb-phinf.pstatic.net%2F4776_000_1%2F20181013053126008_E690GWAFO.jpg%2Ffe87_308_i1.jpg%3Ftype%3Dw450_fst_n%22&twidth=226&theight=226&opts=10,3
216,병영설성 동동주,"2,500",1700ml,탁주,6,2,2,2,3,"묵은 김치 볶음, 담치국, 두부김치","쌀(국내산), 전분, 효모, 누룩, 정제수",병영양조장,https://dthumb-phinf.pstatic.net/?src=%22https%3A%2F%2Fdbscthumb-phinf.pstatic.net%2F4776_000_2%2F20190726152439491_MNIORJTXK.png%2Ffe87_363_i1.png%3Ftype%3Dw450_fst_n%22&twidth=226&theight=226&opts=10,2
217,병영설성 생막걸리,"3,500",750ml,탁주,6,3,2,2,2,"새우 간장 절임, 남도 한정식","쌀(국내산), 효모, 누룩, 정제수",병영양조장,https://dthumb-phinf.pstatic.net/?src=%22https%3A%2F%2Fdbscthumb-phinf.pstatic.net%2F4776_000_2%2F20190726152214954_QUK17Q5TU.png%2Ffe87_362_i1.png%3Ftype%3Dw450_fst_n%22&twidth=226&theight=226&opts=10,2
218,복순도가 손막걸리,"12,000",935ml,탁주,6.5,2,3,2,5,생선 조림,"정제수, 쌀(국산), 곡자(밀), 물엿, 설탕, 아스파탐(감미료,페닐알라닌함유)",복순도가,https://dthumb-phinf.pstatic.net/?src=%22https%3A%2F%2Fdbscthumb-phinf.pstatic.net%2F4776_000_1%2F20170113200703070_CT9LUIG2R.jpg%2Ffe87_056_i1.jpg%3Ftype%3Dw450_fst_n%22&twidth=226&theight=226&opts=17,3
219,볼빨간막걸리 10,"7,000",500ml,탁주,10,1,5,4,4,양지수육무침,"찹쌀(국내산), 누룩, 정제수",농업회사법인 (주)벗드림,https://dthumb-phinf.pstatic.net/?src=%22https%3A%2F%2Fdbscthumb-phinf.pstatic.net%2F4776_000_2%2F20200824201456044_9CYIGJSI8.jpg%2Ffe87_506_i1.jpg%3Ftype%3Dw450_fst_n%22&twidth=226&theight=226&opts=17,1
220,볼빨간막걸리 7,"5,000",500ml,탁주,7,1,4,2,3,오징어무침,"정제수, 찹쌀, 누룩",벗드림양조장,https://dthumb-phinf.pstatic.net/?src=%22https%3A%2F%2Fdbscthumb-phinf.pstatic.net%2F4776_000_2%2F20200824201225961_KRWPNU0W0.jpg%2Ffe87_505_i1.jpg%3Ftype%3Dw450_fst_n%22&twidth=226&theight=226&opts=17,1
221,봉하쌀 생막걸리,"2,000",750ml,탁주,6,1,2,2,3,홍어무침,"쌀(국내산), 정제효소, 젖산, 효모, 아스파탐, 정제수",농업회사법인 (주)봉하마을,https://dthumb-phinf.pstatic.net/?src=%22https%3A%2F%2Fdbscthumb-phinf.pstatic.net%2F4776_000_2%2F20200824165432702_GELK797R1.jpg%2Ffe87_432_i1.jpg%3Ftype%3Dw450_fst_n%22&twidth=226&theight=226&opts=17,2
222,봉하쌀 생막걸리,"2,000",750ml,탁주,6,1,2,2,3,홍어무침,"쌀(국내산), 정제효소, 젖산, 효모, 아스파탐, 정제수",농업회사법인 (주)봉하마을,https://dthumb-phinf.pstatic.net/?src=%22https%3A%2F%2Fdbscthumb-phinf.pstatic.net%2F4776_000_2%2F20200824165432702_GELK797R1.jpg%2Ffe87_432_i1.jpg%3Ftype%3Dw450_fst_n%22&twidth=226&theight=226&opts=17,2
223,부안참뽕막걸리,"2,000",950ml,탁주,6,2,1,3,3,장어 구이,"쌀(국내산) 오디과즙,스테비올배당체,스쿠랄로스",내변산(동진주조),https://dthumb-phinf.pstatic.net/?src=%22https%3A%2F%2Fdbscthumb-phinf.pstatic.net%2F4776_000_1%2F20170522152728512_2AXIIPLX4.jpg%2Ffe87_152_i1.jpg%3Ftype%3Dw450_fst_n%22&twidth=226&theight=226&opts=17,2
224,부자 10,"5,000",375ml,탁주,10,4,1,4,1,중국음식,경기미 100%,배혜정도가,https://dthumb-phinf.pstatic.net/?src=%22https%3A%2F%2Fdbscthumb-phinf.pstatic.net%2F4776_000_1%2F20170112175209439_R80JW7O1W.jpg%2Ffe87_012_i1.jpg%3Ftype%3Dw450_fst_n%22&twidth=226&theight=226&opts=10,4
225,부자 새색시,"3,000",500ml,탁주,9,3,3.5,2.5,1,,"쌀, 누룩, 포도즙",배혜정도가,https://dbscthumb-phinf.pstatic.net/3002_000_1/20140522145636255_KNJL0F5H7.jpg/28_d1.jpg?type=m251&wm=Y,1
226,붉은 원숭이,"7,000",375ml,탁주,10.8,4,2,2,2,바비큐,"쌀(국내산 경기미 100%), 누룩, 홍국, 정제수",술샘,https://dthumb-phinf.pstatic.net/?src=%22https%3A%2F%2Fdbscthumb-phinf.pstatic.net%2F4776_000_1%2F20170112175155456_M0XP15G2K.jpg%2Ffe87_011_i1.jpg%3Ftype%3Dw450_fst_n%22&twidth=226&theight=226&opts=10,3
227,사미인주,"32,000",750ml,탁주,8,2,2,3,4,닭강정,"유기농 햅쌀, 벌꿀",청산녹수,https://dthumb-phinf.pstatic.net/?src=%22https%3A%2F%2Fdbscthumb-phinf.pstatic.net%2F4776_000_1%2F20181012194441188_FZ2SG9SIN.jpg%2Ffe87_234_i1.jpg%3Ftype%3Dw450_fst_n%22&twidth=226&theight=226&opts=10,3
228,산막 생유 막걸리,"1,200",750ml,탁주,6,1,3,2,3,닭갈비,"국내산 쌀, 소맥분, 종국, 효모",농업회사법인 신탄진주조(주),https://dthumb-phinf.pstatic.net/?src=%22https%3A%2F%2Fdbscthumb-phinf.pstatic.net%2F4776_000_1%2F20170522193445714_N71Q2GOCS.JPG%2Ffe87_191_i1.JPG%3Ftype%3Dw450_fst_n%22&twidth=226&theight=226&opts=17,1
229,산정호수 동정춘막걸리,"20,000",720ml,탁주,6,5,1,4,4,떡,"국내산 쌀, 누룩, 정제수",(주)농업회사법인 술빚는 전가네,https://dthumb-phinf.pstatic.net/?src=%22https%3A%2F%2Fdbscthumb-phinf.pstatic.net%2F4776_000_2%2F20190726140234357_98MLRQ66S.jpg%2Ffe87_329_i1.jpg%3Ftype%3Dw450_fst_n%22&twidth=226&theight=226&opts=17,3
230,삼선,"15,000",500ml,탁주,10,1,4,2,2,녹두전,"국내산쌀, 누룩, 정제수",농업회사법인 두루(주),https://dthumb-phinf.pstatic.net/?src=%22https%3A%2F%2Fdbscthumb-phinf.pstatic.net%2F4776_000_2%2F20190726154556434_9S2FI6F9I.jpg%2Ffe87_372_i1.jpg%3Ftype%3Dw450_fst_n%22&twidth=226&theight=226&opts=17,1
231,생 쌀 솔바람 생막걸리,"2,000",500ml,탁주,6,3,2.5,3,3,,국내산 쌀,조선양조,https://dbscthumb-phinf.pstatic.net/3002_000_1/20140522150223545_0EMRSSLA2.jpg/256_d1.jpg?type=m251&wm=Y,3
232,생 청주 막걸리,"1,500",750ml,탁주,6,2,1,3,3,더덕구이,"쌀, 소맥분, 국, 조제종국, 효모, 물엿 등",조은술 세종,https://dthumb-phinf.pstatic.net/?src=%22https%3A%2F%2Fdbscthumb-phinf.pstatic.net%2F4776_000_1%2F20170113194211635_PZCQBF72F.jpg%2Ffe87_019_i1.jpg%3Ftype%3Dw450_fst_n%22&twidth=226&theight=226&opts=10,2
233,생탁주,"12,000",750ml,탁주,6,1,3,3,3,"닭도리탕, 양념된 고기류","쌀, 올리고당, 사과농축액, 아스파탐, 효모, 정제수",청산녹수,https://dthumb-phinf.pstatic.net/?src=%22https%3A%2F%2Fdbscthumb-phinf.pstatic.net%2F4776_000_1%2F20181013035355517_I7BH2GKXB.jpg%2Ffe87_294_i1.jpg%3Ftype%3Dw450_fst_n%22&twidth=226&theight=226&opts=10,1
234,석탄주 탁주,"6,000",500ml,탁주,15,2,3,4,3,샐러드,"국내산 찹쌀, 누룩, 정제수",케이소주,https://dthumb-phinf.pstatic.net/?src=%22https%3A%2F%2Fdbscthumb-phinf.pstatic.net%2F4776_000_2%2F20190726184201385_S31Z8SZXO.jpg%2Ffe87_341_i1.jpg%3Ftype%3Dw450_fst_n%22&twidth=226&theight=226&opts=10,1
235,선운산의 아침 복분자 막걸리,"28,000",750ml,탁주,6,2,2,2,1,양념을 강하게 하지 않은 생선찜,"복분자, 쌀, 효모, 국, 과당, 구연산, 젖산, 정제수",국순당고창명주㈜,https://dthumb-phinf.pstatic.net/?src=%22https%3A%2F%2Fdbscthumb-phinf.pstatic.net%2F4776_000_1%2F20170522123454919_KF7TU50RL.jpg%2Ffe87_122_i1.jpg%3Ftype%3Dw450_fst_n%22&twidth=226&theight=226&opts=17,2
236,선운산의 아침 복분자막걸리,"28,000",750ml,탁주,6,2,2,2,1,생선찜,"복분자, 쌀, 효모, 국, 과당, 구연산, 젖산, 정제수",㈜선운산복분자주 흥진,https://dthumb-phinf.pstatic.net/?src=%22https%3A%2F%2Fdbscthumb-phinf.pstatic.net%2F4776_000_1%2F20170522123454919_KF7TU50RL.jpg%2Ffe87_122_i1.jpg%3Ftype%3Dw450_fst_n%22&twidth=226&theight=226&opts=17,2
237,선호 생막걸리,"1,700",750ml,탁주,6,2,3,3,3,"달콤하고 매운 음식, 닭도리탕, 감자탕","국내산 쌀, 누룩, 효모, 정제효소, 천연감미료, 정제수",김포금쌀탁주영농조합법인,https://dthumb-phinf.pstatic.net/?src=%22https%3A%2F%2Fdbscthumb-phinf.pstatic.net%2F4776_000_1%2F20181013060525629_3F1OK8L05.jpg%2Ffe87_313_i1.jpg%3Ftype%3Dw450_fst_n%22&twidth=226&theight=226&opts=10,1
238,설성 만월 막걸리,"4,000",750ml,탁주,6,2,3,3,2,새우 간장 절임,"정제수, 유기농쌀국내산, 누룩, 유기농올리고당 등",병영주조장,https://dthumb-phinf.pstatic.net/?src=%22https%3A%2F%2Fdbscthumb-phinf.pstatic.net%2F4776_000_1%2F20170113200801672_EP3U3EP0J.jpg%2Ffe87_057_i1.jpg%3Ftype%3Dw450_fst_n%22&twidth=226&theight=226&opts=17,1
239,설하담,"7,400",950ml,탁주,8,3,1,2,4,양념된 돼지고기,"국내산 멥쌀 100%, 개량 누룩, 정제수, 이산화탄소",리큐랩주식회사,https://dthumb-phinf.pstatic.net/?src=%22https%3A%2F%2Fdbscthumb-phinf.pstatic.net%2F4776_000_2%2F20190726163453158_PCRO5EQ00.jpg%2Ffe87_388_i1.jpg%3Ftype%3Dw450_fst_n%22&twidth=226&theight=226&opts=17,3
240,성포 생막걸리,"1,100",750ml,탁주,6,3,3,3,3,"미나리전, 무침","쌀(국내산), 소맥분(미국산), 전분당, 정제수, 무농약 미나리추출액, 정제효소, 종국, 효모, 아스파탐",성포양조장,https://dthumb-phinf.pstatic.net/?src=%22https%3A%2F%2Fdbscthumb-phinf.pstatic.net%2F4776_000_2%2F20200824181948661_RWKY053PU.jpg%2Ffe87_463_i1.jpg%3Ftype%3Dw450_fst_n%22&twidth=226&theight=226&opts=17,3
241,세종 쌀막걸리,"1,500",750ml,탁주,6,3,1,3,3,육회,국내산 쌀,조은술 세종,https://dthumb-phinf.pstatic.net/?src=%22https%3A%2F%2Fdbscthumb-phinf.pstatic.net%2F4776_000_1%2F20170224103944606_MO8J3ME6Q.jpg%2Ffe87_020_i1.jpg%3Ftype%3Dw450_fst_n%22&twidth=226&theight=226&opts=10,3
242,세종대왕어주 탁주,"16,900",500ml,탁주,13,3,3,2,1,매운 갈비찜,"쌀(국내산), 누룩, 정제수",장희,https://dthumb-phinf.pstatic.net/?src=%22https%3A%2F%2Fdbscthumb-phinf.pstatic.net%2F4776_000_2%2F20200824171105629_VRT6QDXNZ.jpg%2Ffe87_437_i1.jpg%3Ftype%3Dw450_fst_n%22&twidth=226&theight=226&opts=17,2
243,세종청주생막걸리,"1,500",750ml,탁주,6,3,2.5,3,1,,"쌀, 소맥분",조은술 세종,https://dbscthumb-phinf.pstatic.net/3002_000_1/20140522145157473_3KEKZ684Z.jpg/313_d1.jpg?type=m251&wm=Y,4
244,소백산 검은콩 막걸리,"3,000",1500ml,탁주,6,3,1,3,1,두부요리,쌀,대강양조장,https://dthumb-phinf.pstatic.net/?src=%22https%3A%2F%2Fdbscthumb-phinf.pstatic.net%2F4776_000_1%2F20170224173113670_EX0LST65L.jpg%2Ffe87_097_i1.jpg%3Ftype%3Dw450_fst_n%22&twidth=226&theight=226&opts=10,4
245,소백산 생 막걸리,"1,980",1700ml,탁주,6,2,3,2,2,버섯전골,쌀,대강양조장,https://dthumb-phinf.pstatic.net/?src=%22https%3A%2F%2Fdbscthumb-phinf.pstatic.net%2F4776_000_1%2F20170113200915723_8UAL5M7DW.jpg%2Ffe87_059_i1.jpg%3Ftype%3Dw450_fst_n%22&twidth=226&theight=226&opts=17,1
246,소양강 생 막걸리,"1,200",750ml,탁주,6,1,3,3,2,황태구이,"백미, 소맥분, 정제수, 팽화미, 아스파탐, 물엿, 정제수","소양강도가(구, 천정양조장)",https://dthumb-phinf.pstatic.net/?src=%22https%3A%2F%2Fdbscthumb-phinf.pstatic.net%2F4776_000_1%2F20170224173530761_S3FIN8O8J.jpg%2Ffe87_055_i1.jpg%3Ftype%3Dw450_fst_n%22&twidth=226&theight=226&opts=10,1
247,솔청정막걸리,"2,000",750ml,탁주,6,3.5,2,3,1,,국내산 쌀,조선양조,https://dbscthumb-phinf.pstatic.net/3002_000_1/20140522150223545_0EMRSSLA2.jpg/256_d1.jpg?type=m251&wm=Y,4
248,송명섭 막걸리,"3,000",500ml,탁주,6,1,3,3,3,"맵고 짠 한식, 고기","국내산쌀, 곡자, 정제수",태인합동주조장,https://dthumb-phinf.pstatic.net/?src=%22https%3A%2F%2Fdbscthumb-phinf.pstatic.net%2F4776_000_1%2F20181013063235756_GV9IBYQ6O.jpg%2Ffe87_317_i1.jpg%3Ftype%3Dw450_fst_n%22&twidth=226&theight=226&opts=10,1
249,술공방 9.0 막걸리,"5,000",500ml,탁주,9,3,2,3,1,무침류,"정제수, 쌀(국내산), 국(쌀, 국내산), 누룩(밀)",아리랑주조,https://dthumb-phinf.pstatic.net/?src=%22https%3A%2F%2Fdbscthumb-phinf.pstatic.net%2F4776_000_2%2F20200824190548442_B3OB01R2H.jpg%2Ffe87_480_i1.jpg%3Ftype%3Dw450_fst_n%22&twidth=226&theight=226&opts=17,4
250,술그리다 생탁주,"9,000",500ml,탁주,10,2,1,1,1,"백숙, 양념되지 않은 음식","국내산쌀, 누룩",좋은술,https://dthumb-phinf.pstatic.net/?src=%22https%3A%2F%2Fdbscthumb-phinf.pstatic.net%2F4776_000_1%2F20181013040621700_PPXZ4M93W.jpg%2Ffe87_296_i1.jpg%3Ftype%3Dw450_fst_n%22&twidth=226&theight=226&opts=10,2
251,술아 핸드메이드 막걸리,"21,000",450ml,탁주,8,3,4,4,3,"샐러드, 두부","국내산 찹쌀, 누룩, 정제수",술아원,https://dthumb-phinf.pstatic.net/?src=%22https%3A%2F%2Fdbscthumb-phinf.pstatic.net%2F4776_000_1%2F20181013072719976_NO95M1QJO.jpg%2Ffe87_325_i1.jpg%3Ftype%3Dw450_fst_n%22&twidth=226&theight=226&opts=10,3
252,술예쁘다 생탁주,"18,000",500ml,탁주,13,1,3,2,1,홍어무침,"국내산 쌀, 누룩",좋은술,https://dthumb-phinf.pstatic.net/?src=%22https%3A%2F%2Fdbscthumb-phinf.pstatic.net%2F4776_000_1%2F20181013041250159_I7F6QEQ6P.jpg%2Ffe87_297_i1.jpg%3Ftype%3Dw450_fst_n%22&twidth=226&theight=226&opts=10,1
253,술취한 원숭이,"7,000",375ml,탁주,10.8,4,2,2,2,생선찜,"쌀(국내산 경기미 100%), 누룩, 홍국, 정제수",술샘,https://dthumb-phinf.pstatic.net/?src=%22https%3A%2F%2Fdbscthumb-phinf.pstatic.net%2F4776_000_1%2F20170224110556451_9XTH58QMX.jpg%2Ffe87_064_i1.jpg%3Ftype%3Dw450_fst_n%22&twidth=226&theight=226&opts=10,3
254,술헤는밤,"5,900",750ml,탁주,8,2,4,3,2,홍천 산나물 무침,"쌀(국내산), 누룩(국내산)",두루전통양조,https://dthumb-phinf.pstatic.net/?src=%22https%3A%2F%2Fdbscthumb-phinf.pstatic.net%2F4776_000_2%2F20190726182743605_2KW4YLDGV.jpg%2Ffe87_428_i2.jpg%3Ftype%3Dw450_fst_n%22&twidth=226&theight=226&opts=17,1
255,아이싱 자몽,"5,000",350ml,탁주,4,3,1,3,1,케잌 같은 디저트 음식,"쌀, 자몽엑기스",국순당,https://dthumb-phinf.pstatic.net/?src=%22https%3A%2F%2Fdbscthumb-phinf.pstatic.net%2F4776_000_1%2F20170424210703971_O0KFCSYQL.jpg%2Ffe87_104_i1.jpg%3Ftype%3Dw450_fst_n%22&twidth=226&theight=226&opts=10,4
256,아이원 막걸리,"1,000",750ml,탁주,6,3,3,2,3,"도토리묵, 겉절이, 나물","쌀, 밀, 입국, 누룩, 정제수",이원양조장,https://dthumb-phinf.pstatic.net/?src=%22https%3A%2F%2Fdbscthumb-phinf.pstatic.net%2F4776_000_1%2F20181012192113640_88TIU6V5T.jpg%2Ffe87_231_i1.jpg%3Ftype%3Dw450_fst_n%22&twidth=226&theight=226&opts=10,3
257,안양동동주,"1,100",1700ml,탁주,6,3,3,3,3,"매콤한 요리(꼬막무침, 닭볶음탕)","국내산 햅쌀, 국내산 친환경 햇찹쌀",안양주조장,https://dthumb-phinf.pstatic.net/?src=%22https%3A%2F%2Fdbscthumb-phinf.pstatic.net%2F4776_000_2%2F20200824181020194_QH4YPKS24.jpg%2Ffe87_459_i1.jpg%3Ftype%3Dw450_fst_n%22&twidth=226&theight=226&opts=17,3
258,야관문 쌀 막걸리,"1,500",750ml,탁주,6,1,3,1,2,야채 샐러드,"팽화미, 입국, 효모, 곡자(밀), 정제수, 야관문잎 줄기 추출액 등",지리산 운봉주조,https://dthumb-phinf.pstatic.net/?src=%22https%3A%2F%2Fdbscthumb-phinf.pstatic.net%2F4776_000_1%2F20170523190623083_YODHLWOOD.jpg%2Ffe87_228_i1.jpg%3Ftype%3Dw450_fst_n%22&twidth=226&theight=226&opts=17,2
259,양촌 생 동동주,"2,300",750ml,탁주,10,3,1,2,2,김치전,"정제수, 백미 효소제, 효모 등",양촌양조,https://dthumb-phinf.pstatic.net/?src=%22https%3A%2F%2Fdbscthumb-phinf.pstatic.net%2F4776_000_1%2F20170224173651762_0RT14ZQ2Y.jpg%2Ffe87_073_i1.jpg%3Ftype%3Dw450_fst_n%22&twidth=226&theight=226&opts=10,2
260,양촌 생 막걸리,"30,000",750ml,탁주,6,2,3,2,2,두부에 겉절이 김치,"팽화미, 소맥분, 정제수, 물엿, 효소, 국 등",양촌양조,https://dthumb-phinf.pstatic.net/?src=%22https%3A%2F%2Fdbscthumb-phinf.pstatic.net%2F4776_000_1%2F20170113201813816_EM4S2IAYG.jpg%2Ffe87_074_i1.jpg%3Ftype%3Dw450_fst_n%22&twidth=226&theight=226&opts=17,1
261,영일만친구 막걸리,"15,000",750ml,탁주,6,2,2,2,3,우뭇가사리 무침,"국내산 쌀, 물엿, 우뭇가사리, 효모, 조제 종국, 정제효소제, 아스파탐, 젖산",동해명주,https://dthumb-phinf.pstatic.net/?src=%22https%3A%2F%2Fdbscthumb-phinf.pstatic.net%2F4776_000_2%2F20190726155506629_T0UKWWUJW.jpg%2Ffe87_375_i1.jpg%3Ftype%3Dw450_fst_n%22&twidth=226&theight=226&opts=17,2
262,옛날막걸리 古,"2,700",750ml,탁주,8,2,2,2,1,오리주물럭,"국내산쌀, 누룩",국순당,https://dthumb-phinf.pstatic.net/?src=%22https%3A%2F%2Fdbscthumb-phinf.pstatic.net%2F4776_000_1%2F20170424210707084_FAGZHBP04.jpg%2Ffe87_105_i1.jpg%3Ftype%3Dw450_fst_n%22&twidth=226&theight=226&opts=10,2
263,오곡 진상주,,750ml,탁주,7,1,4,3,3,백설기,"쌀, 밀, 보리, 옥수수, 조 등",대강양조장,https://dthumb-phinf.pstatic.net/?src=%22https%3A%2F%2Fdbscthumb-phinf.pstatic.net%2F4776_000_1%2F20170113200411481_59P7SS49K.jpg%2Ffe87_050_i1.jpg%3Ftype%3Dw450_fst_n%22&twidth=226&theight=226&opts=17,1
264,오매백주,"5,000",500ml,탁주,12,5,1,1,1,견과류,"쌀(국내산), 국, 효모, 정제수",오산양조,https://dthumb-phinf.pstatic.net/?src=%22https%3A%2F%2Fdbscthumb-phinf.pstatic.net%2F4776_000_2%2F20200824191550561_8K2FAWU49.jpg%2Ffe87_484_i1.jpg%3Ftype%3Dw450_fst_n%22&twidth=226&theight=226&opts=17,2
265,오미자 생막걸리,"2,500",750ml,탁주,6.5,2,3,2,2,소고기 구이,"정제수, 백미(국내산), 입국(쌀, 밀), 올리고당, 물엿, 허브(유기농), 오미자 2.4%(국내산, 문경로동산), 정제효소, 아스파탐·아세셀펌칼륨(함성감미료, 메닐알라닌 함유)",문경주조,https://dthumb-phinf.pstatic.net/?src=%22https%3A%2F%2Fdbscthumb-phinf.pstatic.net%2F4776_000_1%2F20170113201021525_BNNMKXHFB.jpg%2Ffe87_061_i1.jpg%3Ftype%3Dw450_fst_n%22&twidth=226&theight=226&opts=10,1
266,오산 막걸리,"3,000",500ml,탁주,6,2,4,3,2,"홍어, 오징어","쌀(국내산), 국, 효모, 정제수",오산양조,https://dthumb-phinf.pstatic.net/?src=%22https%3A%2F%2Fdbscthumb-phinf.pstatic.net%2F4776_000_2%2F20200824191242181_FJ88S223Q.jpg%2Ffe87_483_i1.jpg%3Ftype%3Dw450_fst_n%22&twidth=226&theight=226&opts=17,1
267,오산막걸리,"3,000",500ml,탁주,6,2,4,3,2,"홍어무침, 오징어무침","쌀(국내산), 국, 효모, 정제수",농업회사법인 오산양조㈜,https://dthumb-phinf.pstatic.net/?src=%22https%3A%2F%2Fdbscthumb-phinf.pstatic.net%2F4776_000_2%2F20200824191242181_FJ88S223Q.jpg%2Ffe87_483_i1.jpg%3Ftype%3Dw450_fst_n%22&twidth=226&theight=226&opts=17,1
268,오희 스파클링 막걸리,"36,000",500ml,탁주,8.5,1,3,2,3,장어구이,"백미, 건오미자, 조효소제, 효모, 정제수",문경주조,https://dthumb-phinf.pstatic.net/?src=%22https%3A%2F%2Fdbscthumb-phinf.pstatic.net%2F4776_000_1%2F20181013074635363_B418GXNIW.jpg%2Ffe87_328_i1.jpg%3Ftype%3Dw450_fst_n%22&twidth=226&theight=226&opts=10,1
269,왕피천을 품은 미소생막걸리,"1,200",750ml,탁주,7,3,3,2,3,"대게, 홍게찜","쌀, 누룩, 정제수",울진술도가,https://dthumb-phinf.pstatic.net/?src=%22https%3A%2F%2Fdbscthumb-phinf.pstatic.net%2F4776_000_1%2F20181012215850325_E1PT0EEQ0.jpg%2Ffe87_248_i1.jpg%3Ftype%3Dw450_fst_n%22&twidth=226&theight=226&opts=10,3
270,우곡생주,"6,500",750ml,탁주,10,4,2,5,2,불고기,"국내산 쌀, 누룩, 효모, 정제수",배혜정도가,https://dthumb-phinf.pstatic.net/?src=%22https%3A%2F%2Fdbscthumb-phinf.pstatic.net%2F4776_000_2%2F20200824164610847_R17NA44MR.jpg%2Ffe87_429_i1.jpg%3Ftype%3Dw450_fst_n%22&twidth=226&theight=226&opts=10,4
271,우곡생주,"6,500",750ml,탁주,10,4,2,5,2,불고기,"쌀(국내산), 국, 효모, 정제수",배혜정도가,https://dthumb-phinf.pstatic.net/?src=%22https%3A%2F%2Fdbscthumb-phinf.pstatic.net%2F4776_000_2%2F20200824164610847_R17NA44MR.jpg%2Ffe87_429_i1.jpg%3Ftype%3Dw450_fst_n%22&twidth=226&theight=226&opts=10,4
272,우렁이쌀 손 막걸리,"2,600",750ml,탁주,7.5,4,1,2,3,샐러드,국내산 쌀,양촌양조,https://dthumb-phinf.pstatic.net/?src=%22https%3A%2F%2Fdbscthumb-phinf.pstatic.net%2F4776_000_1%2F20170113200543523_7CWJECXTW.jpg%2Ffe87_054_i1.jpg%3Ftype%3Dw450_fst_n%22&twidth=226&theight=226&opts=17,3
273,우렁이쌀 손막걸리 DRY,"39,000",500ml,탁주,7.5,4,1,2,3,야채 샐러드,"정제수, 찹쌀(국내산), 쌀(국내산), 효모, 종국",양촌양조,https://dthumb-phinf.pstatic.net/?src=%22https%3A%2F%2Fdbscthumb-phinf.pstatic.net%2F4776_000_1%2F20170113200543523_7CWJECXTW.jpg%2Ffe87_054_i1.jpg%3Ftype%3Dw450_fst_n%22&twidth=226&theight=226&opts=17,3
274,우리밀 막걸리 향수,"7,900",700ml,탁주,9,2,3,5,3,"도리뱅뱅이, 도토리묵, 겉절이, 나물","쌀, 밀, 입국, 누룩, 정제수",이원양조장,https://dthumb-phinf.pstatic.net/?src=%22https%3A%2F%2Fdbscthumb-phinf.pstatic.net%2F4776_000_1%2F20181012193717255_SOQ2P5JTM.jpg%2Ffe87_233_i1.jpg%3Ftype%3Dw450_fst_n%22&twidth=226&theight=226&opts=10,1
275,울금생막걸리 정,"1,500",750ml,탁주,6,3,3.5,3,3,,"국내산 쌀, 국내산 울금",영덕주조,https://dbscthumb-phinf.pstatic.net/3002_000_1/20140522152929787_AN6DX9IDB.jpg/619_1_2_d1.jpg?type=m251&wm=Y,3
276,월매 쌀막걸리(캔),"1,200",350ml,탁주,6,2,2,1,3,파전,"백미, 말토올리고당, 정제수",서울장수㈜,https://dthumb-phinf.pstatic.net/?src=%22https%3A%2F%2Fdbscthumb-phinf.pstatic.net%2F4776_000_1%2F20181012223930615_T25RQAD1K.jpg%2Ffe87_252_i1.jpg%3Ftype%3Dw450_fst_n%22&twidth=226&theight=226&opts=10,2
277,유자생막걸리,"1,800",750ml,탁주,5,2,3,1,3,식사(반주하기 좋은 술),"경기미 75%, 유자 국내산20% , 맥아당 5%",배혜정도가,https://dthumb-phinf.pstatic.net/?src=%22https%3A%2F%2Fdbscthumb-phinf.pstatic.net%2F4776_000_1%2F20170524152908845_YH8ILUB46.jpg%2Ffe87_173_i1.jpg%3Ftype%3Dw450_fst_n%22&twidth=226&theight=226&opts=17,2
278,율무 동동주,"14,000",750ml,탁주,14,2,4,4,3,온더록스로 한잔,"쌀(국내산), 누룩, 효모, 연천 율무, 정제수",농업회사법인 연천양조㈜,https://dthumb-phinf.pstatic.net/?src=%22https%3A%2F%2Fdbscthumb-phinf.pstatic.net%2F4776_000_3%2F20200824205542822_VHZJ2WXH2.jpg%2Ffe87_520_i1.jpg%3Ftype%3Dw450_fst_n%22&twidth=226&theight=226&opts=17,1
279,은자골 곶감 생 탁배기,"1,500",750ml,탁주,6,1,1,1,3,양념을 많이 하지 않은 생선회,"백미, 소맥분, 정제수, 곶감분말, 전분당, 국, 누룩, 효소, 아스파탐 등",은척 양조장,https://dthumb-phinf.pstatic.net/?src=%22https%3A%2F%2Fdbscthumb-phinf.pstatic.net%2F4776_000_1%2F20170116183007288_5OQ57BFPD.jpg%2Ffe87_089_i1.jpg%3Ftype%3Dw450_fst_n%22&twidth=226&theight=226&opts=17,2
280,은자골 생 탁배기,"1,500",750ml,탁주,5,1,3,3,3,파전,국내산 쌀,은척양조장,https://dthumb-phinf.pstatic.net/?src=%22https%3A%2F%2Fdbscthumb-phinf.pstatic.net%2F4776_000_1%2F20170116182946252_U21CE6PE9.jpg%2Ffe87_088_i1.jpg%3Ftype%3Dw450_fst_n%22&twidth=226&theight=226&opts=10,1
281,이동 생 쌀 막걸리,"1,300",750ml,탁주,6,1,3,2,3,갈비찜,"정제수, 백미, 팽화미, 입국, 아스파탐 등",이동주조,https://dthumb-phinf.pstatic.net/?src=%22https%3A%2F%2Fdbscthumb-phinf.pstatic.net%2F4776_000_1%2F20170116182607367_R1A6R4GR5.jpg%2Ffe87_084_i1.jpg%3Ftype%3Dw450_fst_n%22&twidth=226&theight=226&opts=17,1
282,이동 쌀 막걸리,"1,600",1200ml,탁주,6,3,1,3,1,도토리 묵,"정제수, 백미, 팽화미, 입국, 아스파탐",이동주조,https://dthumb-phinf.pstatic.net/?src=%22https%3A%2F%2Fdbscthumb-phinf.pstatic.net%2F4776_000_1%2F20170116182703122_SP1FPJH1H.jpg%2Ffe87_085_i1.jpg%3Ftype%3Dw450_fst_n%22&twidth=226&theight=226&opts=17,4
283,이상헌 탁주,"25,000",500ml,탁주,19,2,3,3,3,샐러드,"아산쌀, 국(국내산 밀누룩), 정제수",이가수불,https://dthumb-phinf.pstatic.net/?src=%22https%3A%2F%2Fdbscthumb-phinf.pstatic.net%2F4776_000_2%2F20190726181609891_9HASGK8MD.jpg%2Ffe87_424_i1.jpg%3Ftype%3Dw450_fst_n%22&twidth=226&theight=226&opts=17,1
284,이화백주,"12,000",940ml,탁주,6,3,3,3,4,"갈비찜, 해물파전, 보쌈, 족발","정제수, 쌀(국내산), 누룩, 설탕, 물엿, 밀, 아스파탐",이화백주,https://dthumb-phinf.pstatic.net/?src=%22https%3A%2F%2Fdbscthumb-phinf.pstatic.net%2F4776_000_1%2F20181013023517407_AEIEZYQYW.jpg%2Ffe87_284_i1.jpg%3Ftype%3Dw450_fst_n%22&twidth=226&theight=226&opts=10,3
285,이화주,"6,500",100ml,탁주,8,4,1,5,0,,"쌀(국내산 경기미 100%), 누룩, 정제수",술샘,https://dthumb-phinf.pstatic.net/?src=%22https%3A%2F%2Fdbscthumb-phinf.pstatic.net%2F4776_000_1%2F20170112175100522_ZPXECQKAN.jpg%2Ffe87_007_i1.jpg%3Ftype%3Dw450_fst_n%22&twidth=226&theight=226&opts=10,4
286,인천 생 소성주,"1,200",750ml,탁주,6,1,2,2,1,생선회,"쌀, 팽화미, 정제수, 국, 효모, 아스파탐, 효소, 이소말토 올리고당",인천탁주,https://dthumb-phinf.pstatic.net/?src=%22https%3A%2F%2Fdbscthumb-phinf.pstatic.net%2F4776_000_1%2F20170224173842228_JAPYM0YLK.jpg%2Ffe87_069_i1.jpg%3Ftype%3Dw450_fst_n%22&twidth=226&theight=226&opts=10,2
287,입장탁주,"1,200",750ml,탁주,7,2,2,2,2,버섯 전골류,국내산 쌀,(농) 입장주조㈜,https://dthumb-phinf.pstatic.net/?src=%22https%3A%2F%2Fdbscthumb-phinf.pstatic.net%2F4776_000_1%2F20170522211939648_RSBDLHPP8.jpg%2Ffe87_207_i1.jpg%3Ftype%3Dw450_fst_n%22&twidth=226&theight=226&opts=17,2
288,자연담은 복분자막걸리,"56,000",360ml,탁주,6,2,1,1,1,"김부각, 가자미식해","국내산 복분자(고창), 정제수",(농)국순당고창명주㈜,https://dthumb-phinf.pstatic.net/?src=%22https%3A%2F%2Fdbscthumb-phinf.pstatic.net%2F5628_000_1%2F20181126171049520_ZXWYBJ24S.jpg%2Ffe115_24_i1.jpg%3Ftype%3Dw450_fst_n%22&twidth=226&theight=226&opts=10,2
289,자연담은 복분자막걸리,"56,000",360ml,탁주,6,2,1,1,1,"김부각, 가자미식해","국내산 복분자(고창), 정제수",(농)국순당고창명주㈜,https://dthumb-phinf.pstatic.net/?src=%22https%3A%2F%2Fdbscthumb-phinf.pstatic.net%2F4776_000_1%2F20170522123221840_G4P0YTZ58.jpg%2Ffe87_121_i1.jpg%3Ftype%3Dw450_fst_n%22&twidth=226&theight=226&opts=17,2
290,자희향,"16,000",500ml,탁주,12,2,2,3,1,해물찜,"찹쌀(국내산), 멥쌀(국내산), 누룩(국내산), 정제수",자희자양,https://dthumb-phinf.pstatic.net/?src=%22https%3A%2F%2Fdbscthumb-phinf.pstatic.net%2F4776_000_1%2F20170116183118175_U4EJO6174.jpg%2Ffe87_091_i1.jpg%3Ftype%3Dw450_fst_n%22&twidth=226&theight=226&opts=17,4
291,자희향 나비,"8,000",500ml,탁주,8,2,1,2,2,피자,"찹쌀(국내산), 멥쌀(국내산), 누룩(국내산), 정제수",자희자양,https://dthumb-phinf.pstatic.net/?src=%22https%3A%2F%2Fdbscthumb-phinf.pstatic.net%2F4776_000_1%2F20170116183201205_8SIW8ALJ3.jpg%2Ffe87_092_i1.jpg%3Ftype%3Dw450_fst_n%22&twidth=226&theight=226&opts=17,2
292,장수 생막걸리,"1,200",750ml,탁주,6,2,3,3,3,,"백미(국내산), 말토올리고당, 홍삼분말",서울장수주식회사,https://dthumb-phinf.pstatic.net/?src=%22https%3A%2F%2Fdbscthumb-phinf.pstatic.net%2F4776_000_1%2F20170522183540299_ORVQ19GN2.jpg%2Ffe87_182_i1.jpg%3Ftype%3Dw450_fst_n%22&twidth=226&theight=226&opts=10,1
293,장홍삼 장수 막걸리,"2,000",750ml,탁주,6,1,4,1,3,삼겹살,"백미,말토올리고당,홍삼분말",서울장수(주),https://dthumb-phinf.pstatic.net/?src=%22https%3A%2F%2Fdbscthumb-phinf.pstatic.net%2F4776_000_1%2F20170522182741719_2I4CNBTWW.jpg%2Ffe87_181_i1.jpg%3Ftype%3Dw450_fst_n%22&twidth=226&theight=226&opts=17,1
294,정고집 나주쌀 생막걸리,"1,200",750ml,탁주,6,3,3,3,3,홍어삼합,"쌀, 쌀가루(국내산), 조제종국, 정제효소, 젖산, 아스파탐, 아세셀팜칼",남도탁주,https://dthumb-phinf.pstatic.net/?src=%22https%3A%2F%2Fdbscthumb-phinf.pstatic.net%2F4776_000_2%2F20190726165132572_E44A7UG5Z.jpg%2Ffe87_393_i1.jpg%3Ftype%3Dw450_fst_n%22&twidth=226&theight=226&opts=10,3
295,정고집 옛날 생동동주,"2,500",750ml,탁주,6,3,3,3,4,"두부김치, 부침개, 감자전","쌀, 쌀가루(국내산), 조제종국, 정제효소, 젖산, 아스파탐, 아세셀팜칼",남도탁주,https://dthumb-phinf.pstatic.net/?src=%22https%3A%2F%2Fdbscthumb-phinf.pstatic.net%2F4776_000_2%2F20190726164755981_C1PR20GOK.jpg%2Ffe87_392_i1.jpg%3Ftype%3Dw450_fst_n%22&twidth=226&theight=226&opts=10,3
296,주산지 막걸리,"1,200",750ml,탁주,6,2,1,2,2,양념된 고기류,"쌀(국내산), 밀가루, 누룩, 입국, 효모, 고과당, 물엿, 아스파탐, 삭카린나트륨, 정제수",청송양조장,https://dthumb-phinf.pstatic.net/?src=%22https%3A%2F%2Fdbscthumb-phinf.pstatic.net%2F4776_000_3%2F20200824203948947_PV31M5Z6C.jpg%2Ffe87_513_i1.jpg%3Ftype%3Dw450_fst_n%22&twidth=226&theight=226&opts=17,2
297,죽향 생 막걸리,"2,000",750ml,탁주,6,1,2,1,4,죽순무침,"쌀(국내산), 정제효소, 젖산, 효모, 아스파탐, 정제수",농업회사법인 (주)죽향도가,https://dthumb-phinf.pstatic.net/?src=%22https%3A%2F%2Fdbscthumb-phinf.pstatic.net%2F4776_000_2%2F20200824165800449_IGNMW1L7V.jpg%2Ffe87_433_i1.jpg%3Ftype%3Dw450_fst_n%22&twidth=226&theight=226&opts=17,2
298,줄포 생막걸리,"1,200",750ml,탁주,6,2,2,2,3,전류,국내산 쌀,내변산(동진주조),https://dthumb-phinf.pstatic.net/?src=%22https%3A%2F%2Fdbscthumb-phinf.pstatic.net%2F4776_000_1%2F20170522152607037_ZF2APIT1L.jpg%2Ffe87_151_i1.jpg%3Ftype%3Dw450_fst_n%22&twidth=226&theight=226&opts=17,2
299,지란지교,"15,000",500ml,탁주,17,4,4,4,1,"육전, 떡볶이","찹쌀,멥쌀,전통누룩(밀),정제수",(유)친구들의 술 지란지교,https://dthumb-phinf.pstatic.net/?src=%22https%3A%2F%2Fdbscthumb-phinf.pstatic.net%2F4776_000_3%2F20220323120131475_N8WXBRGKH.png%2Ffe87_543_i1.png%3Ftype%3Dw450_fst_n%22&twidth=226&theight=226&opts=17,4
300,지란지교 무화과 탁주,"30,000",500ml,탁주,12,4,4,4,1,"갈치조림, 고등어무조림, 무화과타르트","찹쌀, 멥쌀(국내산), 전통누룩(국내산 밀), 정제수, 무화과청, 레드비트분말, 밀함유",(유)친구들의 술 지란지교,https://dthumb-phinf.pstatic.net/?src=%22https%3A%2F%2Fdbscthumb-phinf.pstatic.net%2F4776_000_3%2F20220323120017200_AM87U91ML.jpg%2Ffe87_542_i1.jpg%3Ftype%3Dw450_fst_n%22&twidth=226&theight=226&opts=17,4
301,지리산 정담 생쌀 막걸리,"1,500",750ml,탁주,6,1,3,1,2,과일 샐러드,"쌀(국내산), 종국, 정제수, 누룩, 효모",운봉주조,https://dthumb-phinf.pstatic.net/?src=%22https%3A%2F%2Fdbscthumb-phinf.pstatic.net%2F4776_000_1%2F20170522232536195_HS5IGCOE5.jpg%2Ffe87_227_i1.jpg%3Ftype%3Dw450_fst_n%22&twidth=226&theight=226&opts=17,4
302,지리산 허브잎술 쌀 막걸리,"1,500",750ml,탁주,6,1,2,1,2,닭갈비,"쌀(국내산), 입국, 정제수, 효모, 곡자, 국내산허브(로즈마리, 라벤다잎줄기추출액, 울금) 등",운봉주조,https://dthumb-phinf.pstatic.net/?src=%22https%3A%2F%2Fdbscthumb-phinf.pstatic.net%2F4776_000_1%2F20170522231700411_H62JNCCWB.JPG%2Ffe87_226_i1.JPG%3Ftype%3Dw450_fst_n%22&twidth=226&theight=226&opts=17,2
303,지장수 호박 생 막걸리,"1,400",750ml,탁주,6,3,1,2,2,메밀전,"정제수(지장수), 쌀, 효모, 누룩, 과당 등",낙천,https://dthumb-phinf.pstatic.net/?src=%22https%3A%2F%2Fdbscthumb-phinf.pstatic.net%2F4776_000_1%2F20170113201110001_EGGIZFESP.jpg%2Ffe87_063_i1.jpg%3Ftype%3Dw450_fst_n%22&twidth=226&theight=226&opts=10,2
304,지장수 호박막걸리,"5,000",550ml,탁주,6,2,1,2,1,"겉절이 김치, 수육","국내산 쌀, 호박",낙천,https://dthumb-phinf.pstatic.net/?src=%22https%3A%2F%2Fdbscthumb-phinf.pstatic.net%2F4776_000_1%2F20170113201049810_QGCQRV1Y5.jpg%2Ffe87_062_i1.jpg%3Ftype%3Dw450_fst_n%22&twidth=226&theight=226&opts=17,2
305,지평 생 쌀막걸리,"1,650",1700ml,탁주,5,4,1,2,4,"야채, 된장, 고추장","쌀(국내산), 정제수, 국, 효모, 정제효소 등",지평주조,https://dthumb-phinf.pstatic.net/?src=%22https%3A%2F%2Fdbscthumb-phinf.pstatic.net%2F4776_000_1%2F20170113201406603_35UQENT6W.jpg%2Ffe87_067_i1.jpg%3Ftype%3Dw450_fst_n%22&twidth=226&theight=226&opts=10,2
306,지평 생 옛막걸리,"2,500",1700ml,탁주,5,4,1,2,2,파김치,"밀, 정제수, 국, 분말종국, 효모, 정제효소 등",지평주조,https://dthumb-phinf.pstatic.net/?src=%22https%3A%2F%2Fdbscthumb-phinf.pstatic.net%2F4776_000_1%2F20170113200526686_G12PA5BMM.jpg%2Ffe87_053_i1.jpg%3Ftype%3Dw450_fst_n%22&twidth=226&theight=226&opts=10,3
307,찰막걸리,"30,000",750ml,탁주,5.5,2,2,2,3,매운 음식,"정제수, 쌀, 밀가루, 찹쌀, 입국, 효모 정제효소제, 아스파탐",(주)1932 포천일동막걸리,https://dthumb-phinf.pstatic.net/?src=%22https%3A%2F%2Fdbscthumb-phinf.pstatic.net%2F4776_000_1%2F20170529155741770_M6PU99E38.jpg%2Ffe87_113_i1.jpg%3Ftype%3Dw450_fst_n%22&twidth=226&theight=226&opts=17,2
308,참동이 허브잎술,"1,500",900ml,탁주,6,3,3,3.5,3,,"국내산 쌀, 로즈마리 허브",운봉주조,https://dthumb-phinf.pstatic.net/?src=%22https%3A%2F%2Fdbscthumb-phinf.pstatic.net%2F4776_000_1%2F20170522231700411_H62JNCCWB.JPG%2Ffe87_226_i1.JPG%3Ftype%3Dw450_fst_n%22&twidth=226&theight=226&opts=17,2
309,창원 생탁주,"1,000",750ml,탁주,6,3,3,3,3,"코다리찜, 가오리찜","쌀(국내산), 누룩, 효소, 아스파탐, 정제수",우포의 아침,https://dthumb-phinf.pstatic.net/?src=%22https%3A%2F%2Fdbscthumb-phinf.pstatic.net%2F4776_000_2%2F20200824192359016_T8GIKLAQK.jpg%2Ffe87_487_i1.jpg%3Ftype%3Dw450_fst_n%22&twidth=226&theight=226&opts=17,3
310,천마이야기 막걸리,"1,500",750ml,탁주,6,2,2,1,2,육회 안주,국내산 쌀,농업회사법인산들벗(주),https://dthumb-phinf.pstatic.net/?src=%22https%3A%2F%2Fdbscthumb-phinf.pstatic.net%2F4776_000_1%2F20170522180831827_M89J117X1.jpg%2Ffe87_178_i1.jpg%3Ftype%3Dw450_fst_n%22&twidth=226&theight=226&opts=17,3
311,천지주가 생 막걸리,"1,400",750ml,탁주,6,3,2,1,2,피순대,"쌀, 정제수, 국, 효모",(유)산에들에 농업회사법인,https://dthumb-phinf.pstatic.net/?src=%22https%3A%2F%2Fdbscthumb-phinf.pstatic.net%2F4776_000_1%2F20170112175316094_001ZR3Q3L.jpg%2Ffe87_017_i1.jpg%3Ftype%3Dw450_fst_n%22&twidth=226&theight=226&opts=10,2
312,청산녹수 꿀막걸리,"18,000",750ml,탁주,8,1,2,4,3,양념갈비,"쌀(국내산), 벌꿀(국내산), 사과농축액, 효모, 정제효소",청산녹수,https://dthumb-phinf.pstatic.net/?src=%22https%3A%2F%2Fdbscthumb-phinf.pstatic.net%2F4776_000_1%2F20181012195304406_557UQXFK6.jpg%2Ffe87_235_i1.jpg%3Ftype%3Dw450_fst_n%22&twidth=226&theight=226&opts=10,2
313,톡쏘는 쌀 막걸리,"1,500",750ml,탁주,6,3,3.5,3,3.5,,국내산 쌀,우리술,https://dbscthumb-phinf.pstatic.net/3002_000_1/20170228142708465_X1AGR7E0A.jpg/445_d1.jpg?type=m251&wm=Y,1
314,편백숲 산소막걸리,"1,900",750ml,탁주,5.2,3,3,3,3,"기름진 전, 고기류","쌀, 사과농축액,누룩,올리고당,아스파탐",청산녹수,https://dthumb-phinf.pstatic.net/?src=%22https%3A%2F%2Fdbscthumb-phinf.pstatic.net%2F4776_000_2%2F20200824183632844_UFBUG4804.jpg%2Ffe87_469_i1.jpg%3Ftype%3Dw450_fst_n%22&twidth=226&theight=226&opts=17,3
315,편백숲 산소막걸리 딸기 스파클링,"41,000",940ml,탁주,6.8,3,2,3,5,기름진 음식(수육),"찹쌀, 멥쌀, 누룩, 딸기, 올리고당",청산녹수,https://dthumb-phinf.pstatic.net/?src=%22https%3A%2F%2Fdbscthumb-phinf.pstatic.net%2F4776_000_2%2F20200824184100126_OGM9OVFZZ.jpg%2Ffe87_471_i1.jpg%3Ftype%3Dw450_fst_n%22&twidth=226&theight=226&opts=17,3
316,편백숲 산소막걸리 순수령,"4,000",750ml,탁주,5.8,3,1,4,1,"호두, 땅콩","찹쌀, 맵쌀, 누룩",청산녹수,https://dthumb-phinf.pstatic.net/?src=%22https%3A%2F%2Fdbscthumb-phinf.pstatic.net%2F4776_000_2%2F20200824183832249_4USUPPKG0.jpg%2Ffe87_470_i1.jpg%3Ftype%3Dw450_fst_n%22&twidth=226&theight=226&opts=17,3
317,풍정사계 추(秋),"15,000",500ml,탁주,12,1,2,2,1,홍어삼합,풍정사계 추(秋),화양,https://dthumb-phinf.pstatic.net/?src=%22https%3A%2F%2Fdbscthumb-phinf.pstatic.net%2F4776_000_1%2F20170522223833669_0EUEEC4P8.JPG%2Ffe87_218_i1.JPG%3Ftype%3Dw450_fst_n%22&twidth=226&theight=226&opts=17,4
318,하얀연꽃 백련막걸리 Snow,"1,600",375ml,탁주,6,2,2,2,4,숯불 바베큐,국내산 쌀,신평양조장,https://dthumb-phinf.pstatic.net/?src=%22https%3A%2F%2Fdbscthumb-phinf.pstatic.net%2F4776_000_1%2F20170116182406377_QSCXEQ60W.jpg%2Ffe87_081_i1.jpg%3Ftype%3Dw450_fst_n%22&twidth=226&theight=226&opts=17,2
319,하얀연꽃 백련생막걸리 Misty,"3,000",375ml,탁주,7,2,3,2,4,양념한 생선찜,"국내산 백미, 국내산 백련잎",신평양조장,https://dthumb-phinf.pstatic.net/?src=%22https%3A%2F%2Fdbscthumb-phinf.pstatic.net%2F4776_000_1%2F20170116182513588_JWOEOYNXK.jpg%2Ffe87_083_i1.jpg%3Ftype%3Dw450_fst_n%22&twidth=226&theight=226&opts=17,3
320,해창 생 막걸리 12도,"10,000",900ml,탁주,12,1,1,4,2,꼬막 무침,"햅쌀, 찹쌀, 물, 누룩",해창주조장,https://dthumb-phinf.pstatic.net/?src=%22https%3A%2F%2Fdbscthumb-phinf.pstatic.net%2F4776_000_1%2F20170112175236683_D4HK4M5EE.jpg%2Ffe87_014_i1.jpg%3Ftype%3Dw450_fst_n%22&twidth=226&theight=226&opts=10,3
321,해창 생막걸리 6도,"3,000",900ml,탁주,6,1,1,2,3,간재미 찜,"햅쌀, 찹쌀, 물, 누룩",해창주조장,https://dthumb-phinf.pstatic.net/?src=%22https%3A%2F%2Fdbscthumb-phinf.pstatic.net%2F4776_000_1%2F20170112175303692_Y55GB5JHV.jpg%2Ffe87_016_i1.jpg%3Ftype%3Dw450_fst_n%22&twidth=226&theight=226&opts=10,4
322,해창 생막걸리 9도,"6,000",900ml,탁주,9,1,1,2,2,전복구이,"햅쌀, 찹쌀, 물, 누룩",해창주조장,https://dthumb-phinf.pstatic.net/?src=%22https%3A%2F%2Fdbscthumb-phinf.pstatic.net%2F4776_000_1%2F20170112175250284_1UMVHIBO1.jpg%2Ffe87_015_i1.jpg%3Ftype%3Dw450_fst_n%22&twidth=226&theight=226&opts=10,2
323,행운 생유자 동동주,"1,100",750ml,탁주,6,2,3,3,3,멸치양념무침,"쌀(국내산), 소맥분(미국산), 전분당, 정제수, 유자과즙, 치자, 정제효소, 종국, 효모, 젖산, 아스파탐",성포양조장,https://dbscthumb-phinf.pstatic.net/3002_000_1/20140522151325334_ZEOJC5EBO.jpg/302_d1.jpg?type=m251&wm=Y,2
324,호담 산양산삼 막걸리,"16,000",750ml,탁주,6,1,3,1,3,김치전,"쌀(경기미), 입국, 산양산삼, 정제수, 아스파탐",대농바이오우리산삼,https://dthumb-phinf.pstatic.net/?src=%22https%3A%2F%2Fdbscthumb-phinf.pstatic.net%2F4776_000_1%2F20181012223024906_4EPTO4SM6.jpg%2Ffe87_251_i1.jpg%3Ftype%3Dw450_fst_n%22&twidth=226&theight=226&opts=10,1
325,호랑이 생 막걸리,"2,200",750ml,탁주,6,4,1,4,2,중국음식,"물, 쌀(국내산),에리스리톨, 효모, 국, 젖산, 합성향료,밀함유",배혜정도가,https://dthumb-phinf.pstatic.net/?src=%22https%3A%2F%2Fdbscthumb-phinf.pstatic.net%2F4776_000_1%2F20170112175223742_GRU2WCA91.jpg%2Ffe87_013_i1.jpg%3Ftype%3Dw450_fst_n%22&twidth=226&theight=226&opts=10,1
326,홍천강 탁주,"10,000",500ml,탁주,11,2,3,2,2,양념갈비,"홍천 쌀, 정제수, 국(밀 누룩)",예술주조,https://dthumb-phinf.pstatic.net/?src=%22https%3A%2F%2Fdbscthumb-phinf.pstatic.net%2F4776_000_1%2F20170113201222630_MFBHZDN9S.jpg%2Ffe87_065_i1.jpg%3Ftype%3Dw450_fst_n%22&twidth=226&theight=226&opts=10,4
327,희양산 막걸리 9도,"8,000",750ml,탁주,9,2,3,3,2,고기류,"정제수, 쌀(국내산), 누룩(국내산), 효모",두술도가,https://dthumb-phinf.pstatic.net/?src=%22https%3A%2F%2Fdbscthumb-phinf.pstatic.net%2F4776_000_3%2F20200824203515974_0GPDFOZ9C.jpg%2Ffe87_511_i1.jpg%3Ftype%3Dw450_fst_n%22&twidth=226&theight=226&opts=17,1
328,G12 골디락스,"12,000",500ml,탁주,12,2,2,3,2,"닭백숙, 오리백숙, 편육, 새우젓, 겉절이","정제수, 멥쌀(국내산), 찹쌀(국내산), 누룩, 종국, 효모, 밀함유",청산녹수,https://dbscthumb-phinf.pstatic.net/4776_000_3/20220323113635016_X2OFH4FIJ.jpg/fe87_531_i1.jpg?type=m251&wm=Y,1
